Gravity Rank,Marketplace Rank,Vendor Code,Title,Category,Gravity,CVR,EPC,Avg Payout ($),Initial Payout ($),Rebill Payout ($),Sales Page URL,Affiliate Tools / JV Page,Contact Email,Contact Telegram,Badges,Description
1,1,"YUSLEEP","YU SLEEP - The #1 Sleep Offer! Make upto $5 EPC & Get Rich This Summer","Health & Fitness / Sleep and Dreams",132.3,"0.36%","$0.52",141.53,141.17,0.37,"https://hop.clickbank.net/?affiliate=zzzzz&vendor=YUSLEEP","http://getyusleep.com/aff","amanda.slimcrystalteas@gmail.com","","Approval Required, Direct Tracking Available","HUGE Commissions & Sweet dreams for our clients!! Launched by Diamond Elite Vendor, our NEW VSL converts at 3% on cold traffic and affs get up to $5 EPC consistently. Get your affiliate links at https://getyusleep.com/aff & start making big money today!"
2,2,"ENREV","NEW : Energy Revolution System - Conversions Monster !","Green Products / Alternative Energy",128.5,"1.76%","$0.90",50.6,50.6,,"https://hop.clickbank.net/?affiliate=zzzzz&vendor=ENREV","https://epcworkshop.com/cb/new/home.html","epcworkshop20@gmail.com","https://t.me/mgabriel29","Direct Tracking Available","Brand new offer with an ultra optimized upsell funnel and low refund rates. Unparalleled EPCs and conversion rates. Commission Bumps Available! Crushes on Facebook, Youtube, TikTok & Native, scaling at warp speed. Get your links now !!!"
3,6,"BRAINSONGX","The Brain Song (Killer NEW Memory Offer)","Health & Fitness / General",105.8,"0.68%","$0.36",52.44,52.44,,"https://hop.clickbank.net/?affiliate=zzzzz&vendor=BRAINSONGX","https://forbrainsong.com/Affiliates/","affiliates@binauraltechnologies.com","","CPA Available","Sick EPC's on YT, FB, TT. Over 80K customers already. Insane AOV's. We are giving out CPA's to aff's that make them go ""HOLY COW"". Go HERE to get your link: https://forbrainsong.com/Affiliates/"
4,3,"FEMICORE","FemiCore - $4 EPC Doctor-Endorsed Bladder-Reset Formula","Health & Fitness / Women's Health",96,"0.39%","$0.81",212.74,212.74,,"https://hop.clickbank.net/?affiliate=zzzzz&vendor=FEMICORE","https://getfemicore.com/help/affiliates.php","affiliates@femicore-product.com","","Approval Required","FemiCore is endorsed by a well-reputed doctor with a strong social media following of tens of thousands of women."
5,14,"UMAKEBREAD","The Last Wish - Hottest New Manifestation Offer $500k in Ad Testing","Spirituality, New Age & Alternative Beliefs / General",95.8,"0.25%","$0.13",49.78,49.78,,"https://hop.clickbank.net/?affiliate=zzzzz&vendor=UMAKEBREAD","https://www.soul-mountain.com/affiliates","affiliates@soul-mountain.com","","Direct Tracking Available","High converting new offer, PROVEN on cold traffic ( $500k in ad spend | 80% payouts after first sale | $190 AOVs) Get your link now: https://www.soul-mountain.com/affiliates"
6,8,"WATERSB","New Water Offer: SmartWaterBox -10%+ New VSL Killing It!!!","Self-Help / Survival",90.7,"1.62%","$0.76",48.3,48.3,,"https://hop.clickbank.net/?affiliate=zzzzz&vendor=WATERSB","https://watersmartbox.com/affiliate/","support@watersmartbox.com","https://t.me/cataoq","Direct Tracking Available, CPA Available","High Converting Survival Water Product! This Is The Winning Offer You Were Looking For With Huge EPC! It Works On Energy/solar, Home/garden/woodworking And Prepper/survival Lists As Well. Great Results On Native/Facebook Traffic!"
7,16,"GENIUSBR","The Genius Song (BRAND-NEW!)","Spirituality, New Age & Alternative Beliefs / General",89.8,"0.28%","$0.14",48.19,48.19,,"https://hop.clickbank.net/?affiliate=zzzzz&vendor=GENIUSBR","https://geniussongoriginal.com/Affiliates/","affiliates@binauraltechnologies.com","","Direct Tracking Available","Hyper-conversions, BIG-TIME EPC's, Neuroscientist-endorsed product. Go HERE to get your link: https://gogeniuswave.com/Affiliates/ NEW OFFER: From the 8-figure VSL team behind The Genius Wave. Test your traffic and watch the big EPC's roll in."
8,5,"PRODENTIM","ProDentim - The Biggest Monster In The Dental Niche","Health & Fitness / Dental Health",84.9,"0.53%","$0.89",163.57,163.57,0,"https://hop.clickbank.net/?affiliate=zzzzz&vendor=PRODENTIM","https://myprodentim101.com/help/affiliates.php","affiliates@prodentim-product.com","","CPA Available","Doctor Endorsed & Unique Formula With This Probiotic Soft Candy. The newly refreshed version is climbing full speed! Crushing it across all platforms: Native/Email/Fb. Limited Slots Available. Get on board quickly!"
9,10,"THEGENIUSX","The Genius Switch","Spirituality, New Age & Alternative Beliefs / General",79.8,"5.18%","$2.53",46.77,46.77,,"https://hop.clickbank.net/?affiliate=zzzzz&vendor=THEGENIUSX","https://geniusswitchofficial.com/Affiliates/","affiliates@binauraltechnologies.com","","","New high-converting BEAST of a VSL. The EPC's will make you smile. Go HERE to get your link: https://geniusswitchofficial.com/Affiliates/. From the team behind Genius Wave, this offer takes it to a WHOLE NEW LEVEL. Test your traffic now and see."
10,22,"TEDSPLANS","TedsWoodworking - Highest Converting Woodworking Site On The Internet!","Home & Garden / Crafts & Hobbies",76.7,"0.24%","$0.13",60.16,60.16,,"https://hop.clickbank.net/?affiliate=zzzzz&vendor=TEDSPLANS","https://tedswoodworking.com/aff","","","Direct Tracking Available","Top seller in CB for more than a decade! Evergreen niche with a HUGE market. Get $125/sale with a highly optimized funnel for 11% conversions + 75% comm on front & upsells. Crushes on FB and media buys with insane EPC on DIY, Survival, Conservative lists."
11,18,"ASTROLAN","Year of the Horse 2026 - Your Astrology Language Reading","Spirituality, New Age & Alternative Beliefs / Astrology",76.3,"0.58%","$0.22",38.47,38.47,,"https://hop.clickbank.net/?affiliate=zzzzz&vendor=ASTROLAN","https://start.yourastrologylanguage.net/contest/","affiliates@yourastrologylanguage.com","","","HOT Top Converting Astrology For the New Year with HIGH AOVs. Proven to CRUSH Cold & Email Traffic!"
12,4,"WATERFS","Water Freedom System: The 2026 Water Converter Breakthrough","Self-Help / Survival",75.3,"2.09%","$1.07",51.6,51.6,,"https://hop.clickbank.net/?affiliate=zzzzz&vendor=WATERFS","https://epcworkshop.com/cb/new/home.html","epcworkshop20@gmail.com","https://t.me/mgabriel29","Direct Tracking Available","Fresh VSL. Untapped Evergreen Niche. Monster Converter. Ultra-Optimized Upsell Funnel. Get Up to 90% Commissions on Front-End & Back-End Sales — Crushing Meta, YouTube, TikTok & Native With Insane EPCs Across Survival, Green Living, and More."
13,11,"PROVIVE","ProstaVive - Powerhouse Prostate Offer","Health & Fitness / Men's Health",71,"0.39%","$0.60",143.29,143.19,0.1,"https://hop.clickbank.net/?affiliate=zzzzz&vendor=PROVIVE","https://prostavive.org/affiliates","aff@prostavive.org","","Direct Tracking Available","Heavyweight prostate offer! Converts like gangbusters. Optimized fully with massive AOV and EPCs. Top diamond vendor team."
14,28,"CBPROFCLUB","9x Platinum Vendor Wants To Share His ClickBank Profits With You","E-business & E-marketing / Affiliate Marketing",70.1,"0.36%","$0.33",69.47,63.98,5.49,"https://hop.clickbank.net/?affiliate=zzzzz&vendor=CBPROFCLUB","https://cbprofitclub.com/","affiliates@johnthornhill.com","","","Join The ClickBank Profit Club for free to access a done for you ClickBank affiliate system, training, and follow up process to help you earn commissions while building your list. VIP members receive done for you member recruitment and higher commissions."
15,20,"FORBCHINA","Forbidden China Wealth - Brand-New Wealth Angle CB TOP Performer","Spirituality, New Age & Alternative Beliefs / General",62.4,"0.12%","$0.07",55.41,55.41,,"https://hop.clickbank.net/?affiliate=zzzzz&vendor=FORBCHINA","https://forbiddenchinawealth.com/affiliates","jv@goldenpublishinghq.com","https://t.me/ericjyc","Direct Tracking Available","From the Platinum team behind Dubai Wealth Secret comes the highly-anticipated follow-up: Forbidden China Wealth. $1.60+ EPC. Killer VSL, fresh angle, high-converting upsells. Grab your affiliate link here: https://forbiddenchinawealth.com/affiliates"
16,59,"NUMEROLOGY","Numerologist.com - Fully Personalized VSL *doubles* conversion rate","Spirituality, New Age & Alternative Beliefs / Numerology",60.3,"1.34%","$0.18",11.3,11.3,0,"https://hop.clickbank.net/?affiliate=zzzzz&vendor=NUMEROLOGY","https://partners.numerologist.com/","affiliates@numerologist.com","","","Insane EPC's, with the world's ONLY dynamically-generated, fully personalized VSL (Patented technology). Test it, & you'll understand the reason for our insane conversion rates. Appeals to PD, New-Age, Self-Help, Law of Attraction & More. 65% Commissions!"
17,17,"JOINTGEN","Joint Genesis","Health & Fitness / Dietary Supplements",59.6,"0.10%","$0.17",164.45,164.08,0.37,"https://hop.clickbank.net/?affiliate=zzzzz&vendor=JOINTGEN","https://completejointcare.net/affiliates","affiliates@allgood.com","","","Joint Genesis is generating massive payouts for our affiliates with $3 - $5 EPCs. Our optimized funnel and upsell flow will turn Joint Genesis into your personal ATM!"
18,26,"DUBAIWS","Dubai Wealth Secret - Brand-New Forbidden Wealth Angle Going Viral","Spirituality, New Age & Alternative Beliefs / General",57.9,"0.19%","$0.09",49.67,49.67,,"https://hop.clickbank.net/?affiliate=zzzzz&vendor=DUBAIWS","https://www.goldenpublishinghq.com/gp-dws-affiliate-home","jv@goldenpublishinghq.com","https://t.me/ericjyc","Direct Tracking Available","Forbidden Dubai angle. Killer VSL. This is blowing up faster than Dubai’s skyline. This offer is converting like a monster right now: Fat $2 EPC on average and $86 AOV. GET YOUR affiliate link here: https://www.goldenpublishinghq.com/gp-dws-affiliate-home"
19,24,"DERILAERGO","Derila Ergo Memory Foam Pillow","E-Commerce / General",54.7,"1.74%","$0.95",53.78,53.78,,"https://hop.clickbank.net/?affiliate=zzzzz&vendor=DERILAERGO","https://drive.google.com/drive/u/0/folders/1aE2uEeC-LTFo8-xAos_t4q0A__8_N1fU","simona.jazdauskaite@orbio.world","https://t.me/simonaorbio","Approval Required, Direct Tracking Available, CPA Available","NO BRAND BIDDING. BIG SCALE ALERT: Featured in Funnel of the Week. Our advertorial funnel brings 4M+ monthly visits and 1,200+ daily conversions. Works exceptionally well on Google, Native & Meta. Information - https://shorturl.at/gjKS6"
20,15,"ALLSLIMTEA","NEW All Day Slimming Tea - Our Top Affs Make $200 Per Sale!","Health & Fitness / Dietary Supplements",54.4,"0.33%","$0.48",139.94,139.94,,"https://hop.clickbank.net/?affiliate=zzzzz&vendor=ALLSLIMTEA","https://allslimmingherbs.com/aff","amanda.slimcrystalteas@gmail.com","","Approval Required, CPA Available","Our NEW Talkshow VSL released in January 2026 is scaling hard on Fb! Up to $200 CPA available for selected affiliates! Go to https://allslimmingherbs.com/aff to get your creative and aff links!"
21,13,"PHYTOMEM","Phytomem One: New Toxic Brain Shards Memory Offer","Health & Fitness / Mental Health",53.5,"0.55%","$0.99",162.57,162.57,,"https://hop.clickbank.net/?affiliate=zzzzz&vendor=PHYTOMEM","https://getphytomemone.com/affiliates","affiliates@mediapulseltd.com","","Direct Tracking Available, CPA Available","THIS IS NOT YOUR STANDARD VSL! Unique video format hitting every major brain pain point adults 55+ are desperate to solve: memory gaps, brain fog, lost words. Evergreen market with insane upside. Lock in your spot now!"
22,21,"GLUCO6","Gluco6 - Now Open To Everyone!","Health & Fitness / Dietary Supplements",49.3,"0.12%","$0.18",138.16,138.16,,"https://hop.clickbank.net/?affiliate=zzzzz&vendor=GLUCO6","https://gluco6.com/affiliates","affiliates@gluco6.com","","","Gluco6 is a new high converting blood sugar offer from 2 Diamond affiliates and vendors. It has been in private testing with a select group of affiliates since the end of 2023 and is now open for all affiliates! CPA available for high volume affiliates."
23,9,"AUDIFORT","Audifort - Top Brain and Hearing","Health & Fitness / Dietary Supplements",47.5,"0.34%","$0.63",170.89,170.89,,"https://hop.clickbank.net/?affiliate=zzzzz&vendor=AUDIFORT","https://audifort.com/info/affiliates.html","aff@audifort.com","","","3% Conversion Rates and $5 EPCs - Get it Now!"
24,36,"SOULVOICE","Tara Lunar's Soulmate Sketch BRAND NEW","Spirituality, New Age & Alternative Beliefs / Astrology",46.9,"0.25%","$0.13",56.37,56.37,,"https://hop.clickbank.net/?affiliate=zzzzz&vendor=SOULVOICE","https://start.mysoulmateprofile.com/affiliates/","affiliates@mysoulmateprofile.com","","","Killer EPCs + 75% commissions. Works on cold traffic, email, FB & reels."
25,33,"WEALTHSIG","The Wealth Signal","Spirituality, New Age & Alternative Beliefs / General",46.5,"0.25%","$0.11",45.53,45.53,,"https://hop.clickbank.net/?affiliate=zzzzz&vendor=WEALTHSIG","https://wealthsignaloriginal.com/Affiliates/","affiliates@binauraltechnologies.com","","Direct Tracking Available","High conversions, FAT EPC’s, killer copy, and a great product. This is a BRAND-NEW VSL monster. Go HERE to get your link: https://thewealthsignal.com/Affiliates/ Test your traffic and SEE why aff’s love this promoting this offer."
26,19,"VISIFLORA","VisiFlora - New Vision / Gut Health Hybrid Offer (Blue Ocean)","Health & Fitness / Dietary Supplements",45.8,"0.48%","$0.77",152.44,152.44,,"https://hop.clickbank.net/?affiliate=zzzzz&vendor=VISIFLORA","https://getvisiflora.com/affiliates/","affiliates@mediapulseltd.com","","Direct Tracking Available, CPA Available","This isn't another ""lutein + zinc"" snooze-fest. Targets the MASSIVE vision market (50+ demo) with a mechanism nobody's running yet = easy conversions. Smart affiliates are locking this in NOW before the market catches on."
27,51,"HISSECRET","His Secret Obsession -Incredible Conversions - 90% FRONT & BACK + CPA!","Self-Help / Marriage & Relationships",43.5,"0.78%","$0.35",45.95,45.17,0.79,"https://hop.clickbank.net/?affiliate=zzzzz&vendor=HISSECRET","https://hissecretobsession.com/aff","affiliates@beirresistible.com","","Direct Tracking Available, CPA Available","UPDATED 2026! BOOSTED CPA! 90% commissions on front & back! Affiliates seeing insane $8+ EPCs plus long recurring! We spent $973,450+ testing cold traffic to make the HIGHEST CONVERTING FEMALE offers on CB! New Affiliate Area, swipes, landing pages, PDFs"
28,25,"ATTRACTBR","Billionaire Brain Wave - Brand New VSL From 8-Figure Marketer","Spirituality, New Age & Alternative Beliefs / General",43.4,"0.83%","$0.39",46.2,46.2,,"https://hop.clickbank.net/?affiliate=zzzzz&vendor=ATTRACTBR","https://thebillionairebrainwave.com/Affiliates/","affiliates@binauraltechnologies.com","","Direct Tracking Available","High conversions, FAT EPC's, killer copy, and a great product. This is a BRAND-NEW VSL monster. Go HERE to get your link: https://thebillionairebrainwave.com/Affiliates. Test your traffic and SEE why aff's love this promoting this offer."
29,12,"KERASSENT","Kerassentials - Unique Fungus Dropper Offer","Health & Fitness / Beauty",43.2,"0.42%","$0.90",193.07,193.07,,"https://hop.clickbank.net/?affiliate=zzzzz&vendor=KERASSENT","https://kerassentials.com/help/affiliates.php","affiliates@kerassentials-product.com","","Approval Required, CPA Available","Unique Angle for a Quality Fungus Serum! The EPC Is Exceeding All Expectations (Up to $4)! This Offer Could Make Your Best Month Ever On Fb,Native,Email. Do not miss out."
30,7,"TINAPSC","Tina Aldea | Soulmate Sketch [Best Converting] [Rebill] [2026 Updated]","Spirituality, New Age & Alternative Beliefs / Psychics",41,"25.57%","$18.51",70.87,70.83,0.05,"https://hop.clickbank.net/?affiliate=zzzzz&vendor=TINAPSC","https://aff-tinaaldea.com/affiliatepage","reachoutontelegram@thankyou.com","https://t.me/TrailBlazer11","Direct Tracking Available","Tested And Proven On ICE-COLD Traffic: Over $900,000 In Spend Of Our OWN CASH Before Launching On ClickBank."
31,23,"NOBOOST","NITRIC BOOST-New Explosive Male Enhancement Offer-Crazy High CVR & AOV","Health & Fitness / Men's Health",39.7,"0.22%","$0.31",139.97,139.97,0,"https://hop.clickbank.net/?affiliate=zzzzz&vendor=NOBOOST","https://getnitricboost.com/affiliates","affiliates@getnitricboost.com","","Approval Required, Direct Tracking Available, CPA Available","NEW CONTEST - APPLY FOR $200 CPA EARNINGS ALERT: This Explosive Men's Health Supplement gets Affiliates Astonishing EPCs On Cold Traffic & Email Lists. Brought to you by 6-time Diamond vendors Start promoting here: https://getnitricboost.com/affiliates"
32,30,"MEMORYW","The Memory Wave","Health & Fitness / General",39.3,"0.48%","$0.25",51.7,51.7,,"https://hop.clickbank.net/?affiliate=zzzzz&vendor=MEMORYW","https://memorywaveoriginal.com/Affiliates/","affiliates@binauraltechnologies.com","","","Insane CVR's and EPC's. Neuroscientist-endorsed. Click here to get your link and CPA PAYOUTS: https://memorywaveoriginal.com/Affiliates/ This offer is from the creators of The Genius Wave. Jump on it now."
33,35,"THOUGHTOP","Moon Reading - Interactive Astrology Reading that converts like CRAZY!","Spirituality, New Age & Alternative Beliefs / Astrology",39.2,"0.86%","$0.30",28.98,26.16,2.83,"https://hop.clickbank.net/?affiliate=zzzzz&vendor=THOUGHTOP","https://www.moonreading.com/partners/","brad@moonreading.com","","Approval Required","Hyper accurate Astrology Reading trending on TikTok and IG! Forget ""shocking"" VSLs with stock footage, this fully personalized reading takes astrology to a new level. Make $$$ on Email, Cold Traffic or SM. Your audience will LOVE this video reading!"
34,31,"SPARTAMAX","Spartamax - Brand New Male Enhancement w/ Insane EPCs","Health & Fitness / Men's Health",38.4,"0.15%","$0.20",137.35,136.37,0.98,"https://hop.clickbank.net/?affiliate=zzzzz&vendor=SPARTAMAX","https://getspartamax.com/cb-affiliates.php","affiliates@spartamax.vip","","CPA Available","CPA starts at $150 and goes up! Diamond level vendors. Crazy conversions and EPC on FB, YT, Tik Tok, native, email lists. AOV $300+."
35,80,"PIANO4ALL","Pianoforall - The Incredible New Way To Learn Piano and Keyboards","Arts & Entertainment / Music",35.2,"1.57%","$0.50",29.91,29.91,,"https://hop.clickbank.net/?affiliate=zzzzz&vendor=PIANO4ALL","https://pianoforall.com/affiliate-program","info.pianoforall@gmail.com","","","The TOP Piano product on Clickbank. Good conversion rate and very low refund rate (3% average) because of amazing verifiable testimonials. Great affiliate resource site. We try our best to look after our affiliates."
36,39,"PROSTADINE","Prostadine - New Monster In The Prostate Health Niche","Health & Fitness / Men's Health",34.9,"0.58%","$0.99",141.8,141.8,,"https://hop.clickbank.net/?affiliate=zzzzz&vendor=PROSTADINE","https://getprostadine.com/help/affiliates.php","affiliates@prostadine-product.com","","Approval Required, CPA Available","Killer Conversions & EPCs With One Unique Prostate Dropper. This Could Mark Your Best Month Ever On Native/Email/Fb/Yt. Great Upsells, Low Refunds & Creatives That Convert Like Crazy. Fill Out The Form On Our Affiliate Page And Get On Board!"
37,60,"SCIENCEGEN","iGenics - Hot New Vision Offer","Health & Fitness / Dietary Supplements",34.9,"0.58%","$0.73",120.71,120.71,,"https://hop.clickbank.net/?affiliate=zzzzz&vendor=SCIENCEGEN","https://visionbreakthrough.com/aff","support@sciencegenics.com","","CPA Available","iGenics $155+ avg payout per sale! Vision supplement that contains 12 premium vision ingredients. This vision offer was written by 8 figure copy expert. 1.5-3.5% CVR with supplement buyers 55+ demographics. Great commissions (65%/60%). Email for 70% bump."
38,97,"FORBSECRET","The Forbidden Secret - New Manifestation BANGER","Spirituality, New Age & Alternative Beliefs / General",33.8,"0.90%","$0.37",43.59,43.59,,"https://hop.clickbank.net/?affiliate=zzzzz&vendor=FORBSECRET","https://www.soul-mountain.com/fbsecret","","","","High converting BANGER, PROVEN on both email and cold traffic | 80% payouts after first sale | $141 AOVs) Get your link now: https://www.soul-mountain.com/fbsecret"
39,34,"GETNEURO","Neuro Serge","Health & Fitness / Dietary Supplements",33.6,"0.07%","$0.13",187.03,187.03,0,"https://hop.clickbank.net/?affiliate=zzzzz&vendor=GETNEURO","https://getneuroserge.com/affiliates","jessie@thedirectmediaagency.com","https://t.me/jessieoslie90","Direct Tracking Available, CPA Available","Monster brain offer NEW 2025! Kills it on all lists. $180+ CPA and direct tracking available! Split tested and optimized to scale on FB/Native/Email/YT traffic. $5+ EPC's! Get resources and links here: https://getneuroserge.com/affiliates"
40,38,"NEUROENERG","Neuro Energizer - New Manifestation VSL heavily tested on cold traffic","Health & Fitness / General",33.3,"0.35%","$0.22",63.03,63.03,,"https://hop.clickbank.net/?affiliate=zzzzz&vendor=NEUROENERG","https://neuroenergizer.com/affiliates","email@reachoutaffiliates.com","","","From a ClickBank Platinum Vendor. Neuro Energizer is a proven brain enhancement offer we’ve personally tested with our own ad spend on Facebook and Meta. Fully optimized for cold traffic with 2–5% conversions and an $80–$90 AOV."
41,47,"00SMANIF","Soul Manifestation: SEPTEMBER 2025 FUNNEL - AOV $100 - $.75 EPC","Spirituality, New Age & Alternative Beliefs / General",32.9,"0.98%","$0.35",35.16,35.16,,"https://hop.clickbank.net/?affiliate=zzzzz&vendor=00SMANIF","https://leaderboard.neuromedia.com/","affs@neuromailer.com","","Direct Tracking Available","3x DIAMOND vendor! Average epc of $.50 - $1 for high quality lists! Soul Manifestation the DIAMOND offer with $5.9mil in sales since 2020 is now back, and better than ever before. NEW JULY 2025 FUNNEL doubled AOV!"
42,89,"4KIDNEYS","Chronic Kidney Disease Solution CKD","Health & Fitness / Remedies",31.9,"1.53%","$0.60",35.38,35.38,,"https://hop.clickbank.net/?affiliate=zzzzz&vendor=4KIDNEYS","https://blueheronaffiliates.com/the-chronic-kidney-disease-solution-affiliate-center/","affiliates@blueheronhealthguides.com","","","Brand New, Unique Offer Focusing On Chronic Kidney Disease CKD. Great Converter for both men and women over 40. Part Of Blueheronaffiliates.com"
43,41,"PGRDNVIP","Pineal Guardian X – Brand New 2026 Copy & Lead | Top Brain Offer EPC","Health & Fitness / Dietary Supplements",31.5,"0.13%","$0.19",142.11,142.11,0,"https://hop.clickbank.net/?affiliate=zzzzz&vendor=PGRDNVIP","https://thepinealguardian.com/affiliates/","affiliates@thepinealguardian.com","https://t.me/wennschondennschon","","Brand new 2026 VSL with MD spokesperson crushing the brain/memory niche. Fresh copy + fresh lead = fresh results on tired audiences. $3 EPC, over $300 AOV, converts on email & cold media traffic. Full swipe file, banners & dedicated affiliate support"
44,65,"SEPTIFIX","SEPTIFIX - The #1 Septic Tank Treatment in US - Huge Niche $$$!","Green Products / Conservation & Efficiency",31.5,"0.54%","$0.46",75.52,75.52,,"https://hop.clickbank.net/?affiliate=zzzzz&vendor=SEPTIFIX","https://septifix.com/aff","septifix@gmail.com","","Direct Tracking Available","Promote & Make over $3 EPC in this huge niche - over 40 M houses in US have a septic tank with issues!"
45,37,"JAVABURN","Java Burn 2.0 now LIVE!","Health & Fitness / Dietary Supplements",30.5,"0.50%","$0.95",167.62,167.62,0,"https://hop.clickbank.net/?affiliate=zzzzz&vendor=JAVABURN","https://morningcoffeeritual.net/affiliates","jackie@jvwithae.com","","","Just released into the wild. This new incarnation of Java Burn takes it to the next level with higher conversions and higher AOVs. It's GO TIME! Go here for more details: https://morningcoffeeritual.net/affiliates"
46,48,"LIVPURE","Liv Pure","Health & Fitness / Dietary Supplements",30.5,"0.25%","$0.47",174.94,174.94,0,"https://hop.clickbank.net/?affiliate=zzzzz&vendor=LIVPURE","https://liv-pure.co/affiliates","jackie@jvwithae.com","","","One of the most explosive offers in decades. Go here for details: https://liv-pure.org/affiliates"
47,50,"SEEROFCASH","The Seer of Truths - RECURRING COMMISSIONS, Live Psychic Chat","Spirituality, New Age & Alternative Beliefs / Psychics",29.2,"0.66%","$0.23",44.22,35.48,8.74,"https://hop.clickbank.net/?affiliate=zzzzz&vendor=SEEROFCASH","https://www.theseeroftruths.com/affiliates","julian@theseeroftruths.com","https://t.me/a_bc12345","","$0.50 - $0.60+ EPCs from biggest super-affs in the niche. Ultra-personalized chat with master psychic Julian Sinclair leads to monster conversions and fat EPC for you. The Seer of Truths? More like the Seer of CASH."
48,58,"PROVADENT","ProvaDent - NEW Doctor Endorsed Dental Offer - $4+ EPC","Health & Fitness / Dental Health",28.2,"0.36%","$0.54",158.39,158.31,0.08,"https://hop.clickbank.net/?affiliate=zzzzz&vendor=PROVADENT","http://getprovadent.com/affiliates/","affiliates@getprovadent.com","","Direct Tracking Available, CPA Available","Unlike other popular dental offers, ProvaDent is backed by real-life, highly respected dentist who brings a whole other level of credibility to this offer…along with CRAZY conversions! Start Promoting NOW"
49,63,"MONEYSCRIP","The Money Script","Spirituality, New Age & Alternative Beliefs / General",28.1,"0.92%","$0.43",45.4,45.4,,"https://hop.clickbank.net/?affiliate=zzzzz&vendor=MONEYSCRIP","https://themoneyscriptoriginal.com/Affiliates/","affiliates@binauraltechnologies.com","","","If you've got traffic, your EPC's will be BANANAS. There's no offer like this one. Go HERE to get your link: https://themoneyscriptoriginal.com/Affiliates/. Aff's are SCALING RN. Join them."
50,61,"ALEXPFS","Pelvic Floor Strong - Women 40+ Offer | Long-standing Diamond Seller","Health & Fitness / Women's Health",27.1,"0.67%","$0.48",69.22,69.1,0.12,"https://hop.clickbank.net/?affiliate=zzzzz&vendor=ALEXPFS","https://upperbodystretch.com/affiliates","support@linenryangroup.com","","Approval Required, Direct Tracking Available, CPA Available","New VSL just launched boosting conversions by 40%. This women’s health offer is dominating the 40+ market. The fully optimized funnel and fresh swipes are built to scale. High intent traffic. Low competition. Serious earning potential."
51,45,"TITANFLOW","TitanFlow Prostate Support Supplement","Health & Fitness / Men's Health",26.7,"0.20%","$0.27",136.12,136.12,,"https://hop.clickbank.net/?affiliate=zzzzz&vendor=TITANFLOW","https://prostaterevealed.com/affiliates/","affiliates@allgood.com","","","TitanFlow is generating massive payouts for our affiliates with $3 - $5 EPCs. Our optimized funnel and upsell flow will turn TitanFlow into your personal ATM!"
52,49,"LBJUICE","Ikaria Juice","Health & Fitness / Dietary Supplements",26.6,"0.43%","$0.51",119.77,119.77,0,"https://hop.clickbank.net/?affiliate=zzzzz&vendor=LBJUICE","https://theikariajuice.com/affiliates","aff@leanbellyjuice.com","","Direct Tracking Available, CPA Available","White Hot Weight Loss Offer Is Crushing It Going STRONG in 2024! Get Started Now! Go here https://theikariajuice.com/affiliates"
53,42,"CHOLIBRIUM","Cholibrium| Heart Health Offer | Huge Market","Health & Fitness / Dietary Supplements",26.2,"0.30%","$0.36",119.9,119.9,,"https://hop.clickbank.net/?affiliate=zzzzz&vendor=CHOLIBRIUM","https://cb.cholibrium.com/aff/afftools.php","cb.cholibrium.affhelp@truegenics.com","","","High-Performing Offer on Private Network released on Clickbank. - Mushrooms into a single daily capsule specifically formulated to support heart health in adults 40+."
54,83,"ARCTICB","ArcticBlast - #1 OTC topical pain relief drops has arrived!!","Health & Fitness / Dietary Supplements",25.2,"1.09%","$0.82",79.38,79.38,,"https://hop.clickbank.net/?affiliate=zzzzz&vendor=ARCTICB","https://cb.getarcticblast.com/aff/","cb.affhelp@truegenics.com","https://t.me/iamedmund1","","Made over $13.9M in sales on our network and is now available on ClickBank. For more details, go to: https://cb.getarcticblast.com/aff/"
55,103,"SO50SUPP","All Day Slimming Tea FREE + Shipping Funnel - Our NEW 2025 VSL Rocks!","Health & Fitness / Dietary Supplements",25.1,"0.80%","$0.28",23.44,22.83,0.6,"https://hop.clickbank.net/?affiliate=zzzzz&vendor=SO50SUPP","https://alldayslimmingteafree.com/aff/","amanda.slimcrystalteas@gmail.com","","Approval Required","Up to $7.9 EPC and 14% Conversion rate with our F+S funnel! ALL affiliates rave about it as the offer works on ALL types of health traffic. Promote our NEW 2025 VSL now and you'll be shocked at how much you make per click!"
56,167,"SOCIALPAID","Get Paid To Use Facebook, Twitter and YouTube","E-business & E-marketing / Social Media Marketing",24.7,"0.16%","$0.02",18.84,15.08,3.76,"https://hop.clickbank.net/?affiliate=zzzzz&vendor=SOCIALPAID","http://payingsocialmediajobs.com/affiliates/","email@reachoutaffiliates.com","","","12 years on CB! Social Media and all MMO traffic. Everyone wants to get paid to be on Facebook. Dedicated affiliate manager, bonuses, commission bumps custom landing pages, geo-targeting. We will help you make commissions! Paying Social Media Jobs"
57,66,"LEANBIOME","LeanBiome - BRAND NEW Weight Loss Offer!!","Health & Fitness / Dietary Supplements",24.2,"0.22%","$0.42",171.94,170.97,0.97,"https://hop.clickbank.net/?affiliate=zzzzz&vendor=LEANBIOME","https://bestleanlife.com/affiliates/","affiliates@allgood.com","","","LeanBiome is generating massive payouts for our affiliates with $3 - $5 EPCs. Our optimized funnel and upsell flow will turn LeanBiome into your personal ATM!"
58,57,"BOUSA1","David’s Shield – NEW 2026 VSL!!! $6M+ Faith Driven EMP Blockbuster.","Self-Help / Survival",24,"0.85%","$0.52",63.07,63.07,,"https://hop.clickbank.net/?affiliate=zzzzz&vendor=BOUSA1","https://blackoutusa.com/affiliates","affiliates@survivopedia.com","","","From a Top Diamond Vendor, brand-new 2026 VSL with $6M+ in sales that DOUBLES conversions, dominates Christian, prepper, and conservative. 10%+ email CVR, $2–$4 EPCs, Proven across cold, warm, and native. NOW OPEN TO ALL TRAFFIC."
59,64,"PROSTAPEAK","Prosta Peak","Health & Fitness / Dietary Supplements",24,"0.04%","$0.07",179.67,179.67,0,"https://hop.clickbank.net/?affiliate=zzzzz&vendor=PROSTAPEAK","https://prostapeak.com/affiliates","jessie@thedirectmediaagency.com","https://t.me/jessieoslie90","Direct Tracking Available, CPA Available","Monster prostate offer NEW 2025! Kills it on all lists. $180+ CPA and direct tracking available! Split tested and optimized to scale on FB/Native/Email/YT traffic. $5+ EPC's! Get resources and links here: https://prostapeak.com/affiliates"
60,43,"DENTABIOME","DentaBiome - ClickBank's First Oral Postbiotic","Health & Fitness / Dental Health",23.9,"0.23%","$0.42",177.51,177.47,0.05,"https://hop.clickbank.net/?affiliate=zzzzz&vendor=DENTABIOME","http://getdentabiome.com/affiliates","affiliates@getdentabiome.com","","Direct Tracking Available","EARLY affiliates win biggest. DentaBiome is ClickBank's first Oral Postbiotic offer, featuring a unique Berry-Frost chewable custom formula, the highest-CVR-focused funnel, massive CPAs, low refunds %, and a brand new fresh angle in oral health. APPLY NOW"
61,52,"ASTRAL43","Shifting Vibrations: Manifestation Offer From CB Platinum Plus Vendor","Spirituality, New Age & Alternative Beliefs / General",23.8,"0.71%","$0.56",76.58,76.54,0.05,"https://hop.clickbank.net/?affiliate=zzzzz&vendor=ASTRAL43","https://astralhq.com/affiliates/","affiliates@astralhq.com","","Direct Tracking Available, CPA Available","This has done over $1.8m in sales using our own cold paid traffic. Shifting Vibrations is a proven wealth manifestation offer your traffic will love. Great conversions, high AOVs, high EPCs, send a test today and see."
62,56,"ASTROSKETC","Original Astro Lover Sketch | Internal Tests: $3.27 EPC / 61% OTO1","Spirituality, New Age & Alternative Beliefs / Psychics",23.6,"1.08%","$0.42",37.79,37.79,,"https://hop.clickbank.net/?affiliate=zzzzz&vendor=ASTROSKETC","https://astroloversketch.com/affiliate/","wilson@mettlence.com","","","Astrology-based soulmate sketch funnel with strong upsell economics. Internal email tests hit up to $3.27 EPC and 61% OTO1 take-rate. Best for astrology, psychic traffic."
63,82,"CRITICALB","Neuro-Balance Therapy VSL - Physical Offer with Therapy Tool","Health & Fitness / Exercise & Fitness",23.6,"0.29%","$0.13",43.15,43.15,0,"https://hop.clickbank.net/?affiliate=zzzzz&vendor=CRITICALB","https://theneurobalancetherapy.org/partners","lindsay@criticalbench.com","","Direct Tracking Available","Newest Gangbuster VSL from time tested Diamond publisher Critical Bench. Neuro-Balance Therapy is the complete balance-strengthening protocol to help prevent and prepare your body for out of the blue trips and falls. For men and women over 50 years old."
64,55,"PXTVIP","Pineal XT Gold: 2025’s #1 Pineal Manifestation Funnel","Spirituality, New Age & Alternative Beliefs / General",22.9,"0.49%","$0.56",112.05,112.05,0,"https://hop.clickbank.net/?affiliate=zzzzz&vendor=PXTVIP","https://pinealxt.com/affiliates","affiliates@pinealxt.com","https://t.me/wennschondennschon","Approval Required","First-ever pineal + manifestation supplement. Supports pineal gland, boosts manifestation. Expert funnel with $300+ AOV and $4+ EPCs. Untapped, whitehat, zero competition. Scalable, spiritual, and insanely profitable. Promote now and bank in 2025."
65,78,"00DRAWMYTF","DrawMyTwinFlame - SEPTEMBER 2025!! 2-3% Conversions!!","Spirituality, New Age & Alternative Beliefs / General",22.8,"0.72%","$0.24",34.43,34.43,,"https://hop.clickbank.net/?affiliate=zzzzz&vendor=00DRAWMYTF","https://leaderboard.neuromedia.com/","affs@neuromailer.com","","","3x DIAMOND vendor! $.40-$1+ EPC. This is one of the first soulmate offers that took the marketplace by storm in 2021 with over $5,000,000 in sales NEW and OPTIMIZED! See for yourself…"
66,32,"NEWERA","NewEra Protect - Untapped Pelvic Floor | $275 AOV!! Platinum+","Health & Fitness / Women's Health",22.7,"0.31%","$0.48",159.13,159.13,,"https://hop.clickbank.net/?affiliate=zzzzz&vendor=NEWERA","https://neweraprotect.com/affiliate-tools","support@linenryangroup.com","","Approval Required, Direct Tracking Available","MAKE SERIOUS CASH in the untapped pelvic floor niche! Platinum Plus Vendor offer for Women 40+ — $275 AOV, $1M+ paid to affiliates. Proven VSL on cold & warm traffic, low refunds, exclusive whitelisting, commission bumps available. Get your links now!"
67,75,"PLAYSCRIPT","Delete Script","Self-Help / Motivational / Transformational",22.7,"0.16%","$0.11",70.78,70.78,,"https://hop.clickbank.net/?affiliate=zzzzz&vendor=PLAYSCRIPT","https://www.overnightscript.com/aff1770599477860","geniescriptworksmain@gmail.com","https://t.me/WesleyBillionVirgin","","I am coming for the #1 spot.. AGAIN The Delete Script deletes your pesky negative thoughts that is keeping you stuck.."
68,146,"BLOODPRESS","High Blood Pressure - Blue Heron Health News","Health & Fitness / Remedies",22.7,"0.20%","$0.06",35.89,35.89,,"https://hop.clickbank.net/?affiliate=zzzzz&vendor=BLOODPRESS","https://blueheronaffiliates.com/health-guides/high-blood-pressure-program/promotional-materials/","","","","High blood pressure is the number cause of death in the world.You must tell them how to lower blood pressure TODAY using these 3 easy exercises. Part of BlueHeronAffiliates.com"
69,98,"INSTADOODL","InstaDoodle","E-business & E-marketing / Video Marketing",22.6,"1.86%","$0.75",36.19,36.19,,"https://hop.clickbank.net/?affiliate=zzzzz&vendor=INSTADOODL","https://instadoodle.com/partners","team@instadoodle.com","","","Breathtaking Whiteboard Animation Videos In 3 Clicks, With The World’s First AI DOODLE Video Creator"
70,122,"SHEDPLANS","My Shed Plans *Top Aff Makes $50k/month!* ~9% Conversions","Home & Garden / How-to & Home Improvements",22.6,"0.16%","$0.05",32.68,32.68,,"https://hop.clickbank.net/?affiliate=zzzzz&vendor=SHEDPLANS","https://www.myshedplans.com/aff","","","Direct Tracking Available","Newly Updated Copy for a 120% ROI improvement! See Why Super Affiliates Are Secretly Promoting Us. An Absolute Conversion Monster, Written By A 7-figure Copywriter. Get $90 Per Sale - 75% Comms With Multiple Upsells. - Direct Facebook lander for ADs."
71,79,"GLUCOFIX","Gluco Extend","Health & Fitness / Dietary Supplements",22.5,"0.09%","$0.16",173.05,173.05,0,"https://hop.clickbank.net/?affiliate=zzzzz&vendor=GLUCOFIX","https://goglucoextend.com/affiliates","jessie@thedirectmediaagency.com","https://t.me/jessieoslie90","Direct Tracking Available, CPA Available","Monster blood sugar offer NEW VSL 2026! Kills it on all lists. $180+ CPA and direct tracking available! Split tested and optimized to scale on FB/Native/Email/YT traffic. $5+ EPC's! Get resources and links here: https://goglucoextend.com/affiliates"
72,81,"JOINTVIVE","JointVive – Breakthrough Support for Stiff, Achy Joints & Mobility!","Health & Fitness / Dietary Supplements",22.5,"0.18%","$0.25",138.07,137.93,0.14,"https://hop.clickbank.net/?affiliate=zzzzz&vendor=JOINTVIVE","https://jointvive.com/affiliates/","affiliates@jointvive.com","https://t.me/wennschondennschon","","Hot new joint relief supplement converting on all traffic types! Backed by science, low refund rate, and high EPCs. Promotes comfort, mobility, and flexibility. Get your link now and scale JointVive like your next best-seller!"
73,53,"PRIMEBIOME","PrimeBiome - Doctor-Endorsed Skin-Gut Gummies","Health & Fitness / Beauty",22,"0.20%","$0.33",160.66,160.66,,"https://hop.clickbank.net/?affiliate=zzzzz&vendor=PRIMEBIOME","https://getprimebiome.com/help/affiliates.php","affiliates@primebiome-product.com","","Approval Required","Powerful Pitch, Multiple Intros Available, 100% Backed By Science. Top Affs Are Scoring With This. Limited Slots Only."
74,85,"GLUCOBERRY","GlucoBerry - BRAND NEW Blood Sugar Offer!!","Health & Fitness / Dietary Supplements",21.3,"0.09%","$0.13",134.22,132.63,1.59,"https://hop.clickbank.net/?affiliate=zzzzz&vendor=GLUCOBERRY","https://bloodsugarberry.com/affiliates/","affiliates@allgood.com","","","GlucoBerry generates massive payouts for our affiliates with $3 - $5 EPCs. Our optimized funnel and upsell flow will turn GlucoBerry into your personal ATM!"
75,101,"SOFORTUNE","Scratch Of Fortune - Insane EPCs and AOV (New)","Spirituality, New Age & Alternative Beliefs / General",21.2,"0.57%","$0.20",31.78,30.93,0.85,"https://hop.clickbank.net/?affiliate=zzzzz&vendor=SOFORTUNE","https://scratch-fortune.com/affiliates","affiliates@scratch-fortune.com","","","HIGH EPCs + REBILLS. Madame Tessia hands cold traffic a scratch-off card — they scratch 6 numbers, get a fortune made just for them. Addictive lead-in, bump + 4 upsells fatten AOV, low refunds, mobile-first, already turning fat profit. Scratch = cash."
76,54,"SOULMSTORY","Soulmate Story - NEW Sketch Offer with MOUTH-WATERING EPCs","Spirituality, New Age & Alternative Beliefs / Psychics",20.9,"1.20%","$0.56",46.81,46.81,,"https://hop.clickbank.net/?affiliate=zzzzz&vendor=SOULMSTORY","https://soulmatestory.com/partners/","support@soulmatestory.com","","Approval Required","New Sketch Offer with Brilliant Astrology Angle from one of the top DIAMOND vendors on ClickBank. INSANE EPCs. Your list will LOVE this AOV monster. Try it today!"
77,73,"FINESSA","Finessa - High-Converting Digestion & Poop Offer","Health & Fitness / Dietary Supplements",20.9,"0.24%","$0.30",126.09,125.81,0.28,"https://hop.clickbank.net/?affiliate=zzzzz&vendor=FINESSA","https://myfinessa.com/affiliates","aff@myfinessa.com","","","Amazing conversions and high payouts! Get on this digestion, bloating and poop offer ASAP. Created by Diamond Elite Team. CPA and all the premium support you need."
78,62,"NEUROPRIME","NeuroPrime – Built for Aggressive Brain Health Affiliates 2026","Health & Fitness / Dietary Supplements",20.8,"0.33%","$0.59",171.84,171.84,,"https://hop.clickbank.net/?affiliate=zzzzz&vendor=NEUROPRIME","https://theneuroprime.com/affiliates/","affiliates@theneuroprime.com","https://t.me/wennschondennschon","","A new, unique custom formula offers powerful protection against memory loss. With a $5.89 EPC and 2.35% conversion rate combined with a whopping $400 AOV, this high-converting offer is a golden opportunity for affiliates looking to profit from their ads!"
79,70,"CARDIOSLIM","Cardio Slim Tea - New GOLDMINE For Affiliates - up to $210 CPA","Health & Fitness / Dietary Supplements",20.8,"0.18%","$0.30",169.62,169.62,,"https://hop.clickbank.net/?affiliate=zzzzz&vendor=CARDIOSLIM","https://trycardioslimtea.com/aff","amanda.slimcrystalteas@gmail.com","","Approval Required, Direct Tracking Available","Our NEW blood pressure/weight loss offer does amazing on email, FB and YTB. Our Talkshow VSL converts at over 1% with up to $4 EPC. Up to $210 CPA available for selected affiliates! Go to https://trycardioslimtea.com/aff to get your links!"
80,113,"USWATER1","Joseph’s Well – NEW CINEMATIC VSL - Blockbuster Offer","Self-Help / Survival",20.8,"4.38%","$1.18",29.43,29.43,,"https://hop.clickbank.net/?affiliate=zzzzz&vendor=USWATER1","https://www.josephwell.com/affiliates","affiliates@survivopedia.com","","","OPEN FOR ALL TRAFFIC! From a Top Diamond Vendor! Megadrought solution. Faith-based survival VSL 10%+ email CVR. $2+ EPCs. Converts Prepper, Christian, Green Energy, Homestead & cold traffic. josephwell.com/affiliates"
81,46,"METABODROP","Metabo Drops - The Juice is Loose!","Health & Fitness / Dietary Supplements",20.7,"0.19%","$0.39",193.68,193.68,0,"https://hop.clickbank.net/?affiliate=zzzzz&vendor=METABODROP","https://www.metabodrops.com/affiliates","jackie@jvwithae.com","https://t.me/BradHoward","","Another banger brought to you by the Java Burn team. Super unique hooks and easy to advertise. Get a jump on Q1 and set your stake in the sand. Here's where to go for links: https://www.metabodrops.com/affiliates"
82,68,"VERTIGENIC","Vertigenics - Unique Vertigo Formula","Health & Fitness / Dietary Supplements",20.7,"0.22%","$0.25",112.7,112.7,,"https://hop.clickbank.net/?affiliate=zzzzz&vendor=VERTIGENIC","https://vertigenics.com/help/affiliates.php","affiliates@vertigenics-product.com","","Approval Required, Direct Tracking Available","Powerful Pitch, Multiple Intros Available, 100% Backed By Science. Limited Slots Only."
83,84,"VENUS","Venus Factor - The Beast is BACK","Health & Fitness / Dietary Supplements",20.7,"0.29%","$0.58",183.37,183.37,,"https://hop.clickbank.net/?affiliate=zzzzz&vendor=VENUS","https://venusfactor.com/affiliates","jackie@jvwithae.com","https://t.me/bradhoward","","The original killer is back and better than ever. This is the offer that broke CB not once but TWICE. Go here to get set up: https://www.venusfactor.com/affiliates"
84,112,"PROTOFLOW","Protoflow - Convert Clicks Into Cash Now!","Health & Fitness / Men's Health",20.6,"0.37%","$0.51",120.1,120.1,,"https://hop.clickbank.net/?affiliate=zzzzz&vendor=PROTOFLOW","https://protoflow.net/affiliates","affiliates@mediapulseltd.com","","Direct Tracking Available, CPA Available","Tap into the Billion-Dollar Prostate Market with a TESTED & PROVEN offer. No guesswork, zero risks - just profits!"
85,77,"SERAPHTARO","Seraphina Tarot - NEW JULY 2026 – CRUSHING IT","Spirituality, New Age & Alternative Beliefs / Tarot",20.4,"0.73%","$0.26",36.95,36.95,,"https://hop.clickbank.net/?affiliate=zzzzz&vendor=SERAPHTARO","https://docs.google.com/document/d/1eyEv3NEeT2ocSs6sLqkM9ZL7kpv-PKWxPFNWP5eoJoM/edit?usp=drivesdk","","","","3x DIAMOND vendor is back! This offer is converting 1-2% for most affiliates. And even higher for high quality lists… come try it"
86,72,"FATEREADER","The Reader of Fate - RECURRING COMMISSIONS, Live Tarot Reading","Spirituality, New Age & Alternative Beliefs / Tarot",20.3,"0.72%","$0.25",44.56,34.79,9.77,"https://hop.clickbank.net/?affiliate=zzzzz&vendor=FATEREADER","https://www.thereaderoffate.com/affiliates","elias@thereaderoffate.com","https://t.me/a_bc12345","","$0.50 - $0.60+ EPCs from biggest super-affs in the niche. Ultra-personalized chat with master tarot reader Elias Tristram leads to monster conversions and fat EPC for you. The cards have been dealt, and they reveal cold hard CASH in your future!"
87,121,"DANNYG","Ageless Knees","Health & Fitness / Remedies",20,"0.23%","$0.13",54.22,53.41,0.81,"https://hop.clickbank.net/?affiliate=zzzzz&vendor=DANNYG","http://www.agelessknees.com/partners","lindsay@criticalbench.com","","Direct Tracking Available","Ageless Knees is a simple seated towel routine that silences knee pain in just a few minutes per day. Every move is simple, beginner friendly, and gentle on your knees and other body parts. This sequence instantly begins rebuilding your knees."
88,138,"4BONE","Osteoporosis - The Bone Density Solution","Health & Fitness / Remedies",20,"0.18%","$0.06",30.76,30.76,,"https://hop.clickbank.net/?affiliate=zzzzz&vendor=4BONE","https://blueheronaffiliates.com/the-bone-density-solution-affiliate-center/","","","","A unique solution for a horrendous health problem plaguing 33% of women over 50. Oustanding conversion rate with a thoroughly optimized sales channel. Part of BlueHeronAffiliates.com"
89,40,"HKULTRA","Hk-Ultra","Self-Help / Dating Guides",19.2,"1.64%","$1.48",88.35,88.35,,"https://hop.clickbank.net/?affiliate=zzzzz&vendor=HKULTRA","https://gethkultra.com/affiliates-gen","affiliates@lamassuenterprises.ca","","","Cold traffic KILLER from the Diamond Vendor behind Pocket Sized ATM & Pegasus! Insane CVR's & AOV's. CPA's available to killer aff's that. Go HERE to get your link: https://gethkultra.com/affiliates-gen"
90,93,"SOULMVISIO","SOULMATE VISION - BRAND NEW Nov 2025!!","Spirituality, New Age & Alternative Beliefs / General",19.2,"0.91%","$0.43",45.58,45.58,,"https://hop.clickbank.net/?affiliate=zzzzz&vendor=SOULMVISIO","https://docs.google.com/document/d/1PH56ZijsyESMRMSq4_EXzDO7HWg-RFHrP0mxbkg8Sfg/edit?usp=drivesdk","","","","3x DIAMOND vendor! Brand new offer for soulmate niche. Totally different than anything you’ve promoted this year. 1-3% conversions and $.40-$1+ epc on lists. Promote now before everyone else jumps on board!!"
91,115,"MYSTERY42","MysterySchool Code-Super offer w NEW ID, improved EPC+CVR. A Must try","Spirituality, New Age & Alternative Beliefs / General",18.9,"0.51%","$0.26",47.01,47.01,,"https://hop.clickbank.net/?affiliate=zzzzz&vendor=MYSTERY42","https://mysteryschoolcode.com/affiliates","affiliates@mysteryschoolcode.org","","","New ID with higher EPC & CVR; meant to do well for paid traffic and PD Audiences. Tested and proven to be high-converting. Story-driven sales letter for Spiritual, Manifestation and the LOA, inspired by teachings from Ancient Egyptian Mystery Schools"
92,137,"4PARKINSON","The Parkinson's Disease Protocol","Health & Fitness / Remedies",18.9,"0.17%","$0.06",35.93,35.93,,"https://hop.clickbank.net/?affiliate=zzzzz&vendor=4PARKINSON","https://blueheronaffiliates.com/the-parkinsons-protocol-affiliate-center/","","","","Brand new, unique offer focusing on Parkinson's Disease. One of the best converting offer we have tested with audiences over 55. Part Of Blueheronaffiliates.com"
93,27,"ABSOLUTEX","Trump Token of Realization","Politics / Current Events / General",18.8,"1.66%","$3.69",217.69,217.69,,"https://hop.clickbank.net/?affiliate=zzzzz&vendor=ABSOLUTEX","","info.trumptoken@gmail.com","https://t.me/infotrumptoken","Approval Required","Trump’s Token of Realization is a collectible token celebrating legacy, offering a unique piece of memorabilia. To get approved,"
94,76,"MORINGAMAG","Moringa Magic - The Most Powerful Plant on the Planet","Health & Fitness / Dietary Supplements",18.4,"1.43%","$2.00",139.23,139.23,,"https://hop.clickbank.net/?affiliate=zzzzz&vendor=MORINGAMAG","https://www.moringa-magic.com/affiliates-hub/","affiliates-support@moringa-magic.com","","Approval Required, Direct Tracking Available","Earn a massive 65% commission promoting our moringa pills. Unofficially, Moringa cures 300+ known illnesses, so it can be targeted toward ANY consumer. Get started now and cash in on the green wave! Apply here: https://forms.gle/LgVjJpsuBawoYgP48"
95,100,"SUGARDEF","Sugar Defender - Blood Sugar Support","Health & Fitness / Dietary Supplements",18.4,"0.21%","$0.30",148.54,148.54,,"https://hop.clickbank.net/?affiliate=zzzzz&vendor=SUGARDEF","https://sugardefender.com/info/affiliates.html","aff@sugardefender.com","","","HOT AFFILIATE CONTEST! NEW FOR 2024: Killer $5+ EPC with SugarDefender supplement that affiliates are raving about! Powerful new angle that mesmerizes and fascinates. Works on ALL types of health traffic. Promote it now before the competition"
96,162,"CHOLHEALTH","High Cholesterol","Health & Fitness / Nutrition",18.2,"0.50%","$0.21",40.64,40.64,,"https://hop.clickbank.net/?affiliate=zzzzz&vendor=CHOLHEALTH","https://blueheronaffiliates.com/health-guides/cholesterol-promotional-materials/","","","","There is ONE ingredient that causes bad high cholesterol, stroke and heart attack. Tell people how to protect their heart by cutting out this ONE ingredient. Part of BlueHeronAffiliates.com"
97,91,"EJCOMMAND","Hardwired For Pleasure - New ED & Virility Offer w/ Big Funnel Payouts","Health & Fitness / Men's Health",18,"1.15%","$0.37",33.44,33.44,,"https://hop.clickbank.net/?affiliate=zzzzz&vendor=EJCOMMAND","https://lloydblueprint.com/insider/affiliate-hub/","bedroomprofits@gmail.com","","","REVAMPED FOR 2026! Hot male performance offer for dealing with softer, less reliable bedroom performance. Unique audio-conditioning mechanism, strong CVRs, AOVs and full-funnel payouts. Media buyers and top affiliates:"
98,69,"AQUASCULPT","AquaSculpt - #1 in weight loss","Health & Fitness / Diets & Weight Loss",17.4,"0.24%","$0.42",170.28,170.28,,"https://hop.clickbank.net/?affiliate=zzzzz&vendor=AQUASCULPT","","affiliates@webseeds.com","","Approval Required","High converting, high paying offer from top Diamond Elite team. Excellent on ice cold traffic, as well as warm!"
99,90,"EVABLOOM","Eva Bloom - NEW Soulmate Sketch concept with DELICIOUSLY HIGH AOV","Spirituality, New Age & Alternative Beliefs / General",17.2,"0.29%","$0.12",38.46,38.46,,"https://hop.clickbank.net/?affiliate=zzzzz&vendor=EVABLOOM","https://orders.intuitique.com/partners-cb","evabloom@intuitique.com","https://t.me/TheRealTimo7","","Unique NEW Angle for the Soulmate Sketch offer. YES, Eva is a REAL PERSON. Highest quality sketch offer you'll find on the market. INSANE AOV and Sky-High EPCs. Try it once, and you'll come back CRAVING for more."
100,87,"PRONAILCOM","ProNail Complex Huge Commissions On Unique Antifungal Mist Spray","Health & Fitness / Dietary Supplements",16.9,"0.13%","$0.24",154.66,154.66,,"https://hop.clickbank.net/?affiliate=zzzzz&vendor=PRONAILCOM","https://pronailcomplex.com/help/affiliates.php","affiliates@pronailcomplex-product.com","","Approval Required","Original Nail Fungus Removing Formula, Powerful Pitch, Multiple Intros Available, 100% Doctor Formulated. Limited Slots Only."
101,67,"LYMPHFLOW","LYMPH FLOW - Get Rich This Summer With Our NEW Water Retention Offer!","Health & Fitness / Diets & Weight Loss",16.8,"1.43%","$2.73",180.62,180.62,,"https://hop.clickbank.net/?affiliate=zzzzz&vendor=LYMPHFLOW","https://getlymphflow.com/aff-th","amanda.slimcrystalteas@gmail.com","","Approval Required, Direct Tracking Available","Over $2 EPC CONSISTENTLY on YT, FB, Email and Native and Insane AOV's! 50% of women in US suffer from water retention, so get your aff tools HERE https://getlymphflow.com/aff-th"
102,109,"SLIMCRYSTA","SLIMCRYSTAL - Unique Offer Huge Payouts - up to $300/Sale & $3.9 EPC","Health & Fitness / Diets & Weight Loss",16.5,"0.44%","$0.50",114.11,114.11,,"https://hop.clickbank.net/?affiliate=zzzzz&vendor=SLIMCRYSTA","https://slimcrystal.com/aff","amanda.slimcrystalteas@gmail.com","","Direct Tracking Available","With Over $3M paid to our affiliates, this is the wholly grail of paid traffic! If you're a media buyer, our VSL has a 4% conv rate on fb and ytb traffic! If you have an email list, you'll make $$$! So, get your aff tools, and PROMOTE TODAY!"
103,117,"METACMPLX","Metanail Complex - New Top Nail Offer","Health & Fitness / Dietary Supplements",16.5,"0.14%","$0.15",128.42,128.42,,"https://hop.clickbank.net/?affiliate=zzzzz&vendor=METACMPLX","https://metanailcomplex.com/affiliates","affiliates@mediapulseltd.com","","Direct Tracking Available, CPA Available","Hot NEW anti-fungal dropper and supplement offer! Unique angles, multiple leads, unmatched EPCs! Apply NOW!"
104,183,"BRAINYDOGS","Brain Training for Dogs - Unique Dog Training Course! Easy Sell!","Home & Garden / Animal Care & Pets",16.5,"0.20%","$0.08",42.4,42.4,,"https://hop.clickbank.net/?affiliate=zzzzz&vendor=BRAINYDOGS","https://www.braintraining4dogs.com/affiliates/","braintraining4dogs@gmail.com","","Direct Tracking Available","High Quality Dog Training Course Featuring 21 Games To Improve A Dog's Intelligence And Behavior, Plus Easy Instructions For Training Obedience Commands! Created By A Well Known Professional Dog Trainer! Affiliate Tools: Braintraining4dogs.com/affiliates"
105,94,"SCALEFAST","BREATHE - #1 Lung Offer | Scaled From $0 To $100k+ A Day In 7 Days!","Health & Fitness / Dietary Supplements",16.4,"0.11%","$0.17",138.73,138.73,0,"https://hop.clickbank.net/?affiliate=zzzzz&vendor=SCALEFAST","https://breatheaffiliate.com/","affiliates@lungreset.com","","Direct Tracking Available, CPA Available","Scale To $100k+ A Day FAST With The #1 Lung Health Offer On Clickbank! $150+ CPA Available | Go To https://breatheaffiliate.com & Grab Your Links! Untapped Niche With HUGE Potential To Scale With A Highly Optimised VSL Backed By REAL Medical Experts"
106,120,"EZBATTERY","New Battery Reconditioning Course! VSL conversions 9.7% & EPC $2.1!","Green Products / Conservation & Efficiency",16.4,"0.76%","$2.1",49.07,49.07,,"https://hop.clickbank.net/?affiliate=zzzzz&vendor=EZBATTERY","https://ezbatteryreconditioning.com/affiliates/","affiliates@ezbatteryreconditioning.com","","","HOT NEW NICHE! Popular Battery Reconditioning course now available on CB! Great VSL, high conversions, huge EPCs. Coverts great 4 Energy/Solar, Prepper/Survival, Home/Garden/woodworking lists + Media buys/PPC. http://ezbatteryreconditioning.com/affiliates"
107,108,"BRAINSIG","Genius Brain Signal: NEW 2026 Brain Offer From CB Platinum Plus Vendor","Spirituality, New Age & Alternative Beliefs / General",16.2,"0.96%","$0.46",54.57,54.57,,"https://hop.clickbank.net/?affiliate=zzzzz&vendor=BRAINSIG","https://astralhq.com/gbs-affiliates","affiliates@astralhq.com","https://t.me/bsd98hfb","Direct Tracking Available","Genius Brain Signal is a cutting edge brainwave activation offer your traffic will love. Super high AOV, built on a proven mechanism with optimised copy and optimised upsells for maximum earnings per click. Check tools page for swipes, links and more."
108,111,"QUIETPLUS","Quietum Plus - Top Offer, Now Even Better","Health & Fitness / Dietary Supplements",16.2,"0.15%","$0.23",149.75,149.75,,"https://hop.clickbank.net/?affiliate=zzzzz&vendor=QUIETPLUS","https://quietumplus.com/help/affiliates.php","affiliates@quietumplus.com","","","The Absolute Monster Is Back And Badder Than Ever! Cart Value Of $700. Top Affs Are Doing 6fig/day. Works Like A Charm On Emailing, Native, FB, YT. Limited slots only. Apply today!"
109,130,"WINNINGTIP","Euro Winner Football Tips/Premier Football Tips","Betting Systems / Soccer",15.7,"3.56%","$1.04",28.38,28.38,,"https://hop.clickbank.net/?affiliate=zzzzz&vendor=WINNINGTIP","https://besttipster.co.uk/affiliates-eurowinner/","support@besttipster.co.uk","","","New Euro Winner Football Tips (Use URL parameter: ew ) . Affiliate on $1+ a hop, and even more comms with Order Bump And Upsell. Low Refunds. From The Team Who Have Made Affiliates $100K+. Also can promote Premier Football tips (use parameter = pft)"
110,144,"NERVEFRESH","Nerve Fresh - NEW TOP NEUROPATHY PRODUCT FOR 2025","Health & Fitness / Dietary Supplements",15.7,"0.09%","$0.10",122.27,122.27,,"https://hop.clickbank.net/?affiliate=zzzzz&vendor=NERVEFRESH","https://nervefresh.com/affiliate-enter-clickbank-is-cb1","affiliates@premvitality.com","","Direct Tracking Available","Works on ALL types of traffic. Unique formulation super low refund rate. Top emailers in space mail regularly. Go HERE to get your link: https://nervefresh.com/affiliate-enter-clickbank-is-cb1"
111,104,"ZNRVIP","Zeneara - #1 Ear Offer On ClickBank","Health & Fitness / Dietary Supplements",15.5,"0.42%","$0.51",116.6,116.6,,"https://hop.clickbank.net/?affiliate=zzzzz&vendor=ZNRVIP","https://zeneara.com/affiliates","affiliates@zeneara.com","","","Get your first six-figure day promoting this incredible ear health offer! This offer has generated more than $3 per click for affs! Multiple landing pages. Scale this offer on Native, FB, YouTube Ads, and PPC, and be amazed by how much you make!"
112,124,"ZENCORTEX","ZenCortex - Top Brain and Hearing","Health & Fitness / Dietary Supplements",15.5,"0.24%","$0.32",142.88,142.88,,"https://hop.clickbank.net/?affiliate=zzzzz&vendor=ZENCORTEX","https://zencortexhq.com//info/affiliates.html","aff@zencortexhq.com","https://t.me/adrflorea","","Zen Cortex, a proven winner with a proven niche hearing and brain. Top Clickbank vendor with with multiple top 10 winners. This one is hot! Start scaling before everybody else."
113,129,"PEAKBIOME","The Most Lucrative Constipation Offer On Clickbank - Peak BioBoost","Health & Fitness / Dietary Supplements",15.5,"0.16%","$0.13",77.11,75.89,1.23,"https://hop.clickbank.net/?affiliate=zzzzz&vendor=PEAKBIOME","https://peakbiome.com/affiliate-tools/signup/","affiliates@peakbiome.com","https://t.me/jolomarquez","Approval Required, Direct Tracking Available","This constipation / digestion / weight loss offer is crushing it with $1.50 - $2 EPCs and some affiliates doing closer to $4 EPC. It appeals to a wide audience of men & women ages 35 and older. Go to the affiliate tools link below to get whitelisted!"
114,74,"NEUROVERA","NeuroVera – The 2026 Brain Offer Delivering Reliable EPCs","Health & Fitness / Dietary Supplements",15.3,"0.40%","$0.55",148.06,148.06,,"https://hop.clickbank.net/?affiliate=zzzzz&vendor=NEUROVERA","https://theneurovera.com/affiliates/","affiliates@theneurovera.com","https://t.me/wennschondennschon","","NeuroVera is quickly becoming a steady performer for affiliates in the brain-health niche. Clean funnel flow, strong AOV, and consistent engagement make it a solid pick for affiliates seeking dependable EPCs and a reliable addition to their 2026 lineup."
115,107,"HWTONIC","Red Boost - Male Health Supplement","Health & Fitness / Men's Health",15.3,"0.28%","$0.30",118.49,118.49,,"https://hop.clickbank.net/?affiliate=zzzzz&vendor=HWTONIC","https://hardwoodtonic.com/affiliates","affiliates@hardwoodtonic.com","","Approval Required, Direct Tracking Available","Killer conversions and EPCs for this new Male Health Supplement Offer. 80% commissions available. Great upsells, low refunds and creatives that hit the spot. Get your links: https://hardwoodtonic.com/affiliates"
116,118,"BOOKOFREN","Medicinal Garden Kit - BRAND NEW!","Health & Fitness / Remedies",15.3,"1.22%","$0.60",49.99,49.99,,"https://hop.clickbank.net/?affiliate=zzzzz&vendor=BOOKOFREN","https://medicinalkit.com/affiliates/","affiliates.gbs@gmail.com","","","- Compliant! - Performs well in most niches: health, survival, remedies, etc. - Not available for Facebook, YT, Instagram, Tik Tok, Pinterest or Bing/Google paid advertising"
117,142,"DARKRESET","New Survival Offer: Dark Reset -10%+ New VSL Killing It!!!","Self-Help / Survival",15.2,"0.97%","$0.40",41.36,41.36,,"https://hop.clickbank.net/?affiliate=zzzzz&vendor=DARKRESET","https://dark-reset.com/affiliate/","support@dark-reset.com","https://t.me/cataoq","Direct Tracking Available, CPA Available","High Converting Survival Product! This Is The Winning Offer You Were Looking For With Huge EPC! It Works On Energy/solar, Home/garden/woodworking And Prepper/survival Lists As Well. Great Results On Native/Facebook Traffic!"
118,106,"LYMPHTONIC","LYMPH TONIC - Killer NEW Lymphedema/Water Retention Offer","Health & Fitness / Dietary Supplements",15,"0.35%","$0.60",182.98,182.98,,"https://hop.clickbank.net/?affiliate=zzzzz&vendor=LYMPHTONIC","https://trylymphtonic.com/aff","lymphtonic.affiliates@gmail.com","","CPA Available","Over $2 EPCs on YT, FB, Email and Native and Insane AOV's in a huge niche with almost no competition. Go HERE to get your link: https://trylymphtonic.com/aff"
119,141,"TRUELOVEOR","Balinese Soulmate Sketch - HOT NEW OFFER","Spirituality, New Age & Alternative Beliefs / Astrology",15,"0.26%","$0.11",46.37,46.37,,"https://hop.clickbank.net/?affiliate=zzzzz&vendor=TRUELOVEOR","https://docs.google.com/document/d/1xIjf8JdP81F2dYLzRkVNDIGuwqpzG7PNd4AmPApC5G4/edit?usp=drive_link","tara@trueloveoracle.com","","","Blue ocean differentiator in crowded psychic niche. Clifftop channeling story + visual deliverable 75% commission! Converts 2-4% warm, 1-2% cold."
120,134,"LBTONIC","Nagano Tonic - $5 EPCs","Health & Fitness / Dietary Supplements",14.6,"0.27%","$0.40",145.89,145.27,0.62,"https://hop.clickbank.net/?affiliate=zzzzz&vendor=LBTONIC","https://leanbodytonic.com/affiliates/","aff@leanbodytonic.com","","Direct Tracking Available","Powerhouse Weight Loss Offer NEW 2024! Crushes straight out the gate. Fully optimized and created by top vendors responsible for many winners. $5.41 EPCs and MORE. Get resources and links here: https://leanbodytonic.com/affiliates"
121,143,"POWERGG","NEW OFFER -Power Grid Generator- Aff EPC $2+","Green Products / Alternative Energy",14.6,"0.80%","$2",57.28,57.28,,"https://hop.clickbank.net/?affiliate=zzzzz&vendor=POWERGG","https://www.powergridgenerator.com/affiliate/","support@powergridgenerator.com","https://t.me/cataoq","Direct Tracking Available","High Converting Energy Product! This Is The Winning Offer You Were Looking For With Huge EPC! It Works On Energy/solar, Home/garden/woodworking And Prepper/survival Lists As Well. Great Results On Native/Facebook Traffic!"
122,148,"CODESTINY","Call Of Destiny - updated VSL April 2025","Spirituality, New Age & Alternative Beliefs / Astrology",14.6,"0.97%","$0.27",27.21,21.4,5.81,"https://hop.clickbank.net/?affiliate=zzzzz&vendor=CODESTINY","https://callofdestiny.org/affiliates","affiliates@callofdestiny.org","https://t.me/AffiliateManagerLeny","Direct Tracking Available, CPA Available","Trust the numbers, not the hype. CB says: Highest conversion rate, highest EPC of ALL astro offers on the marketplace. If you promote anything else, you lose money. We already paid our affiliates $3.3+M., how much should we pay you?"
123,192,"SBACKYARD","NEW: Self Sufficient Backyard","Home & Garden / How-to & Home Improvements",14.6,"0.30%","$0.11",41.58,41.58,,"https://hop.clickbank.net/?affiliate=zzzzz&vendor=SBACKYARD","https://www.selfsufficientbackyard.com/affiliates/","affiliates.gbs@gmail.com","","","High Payouts! From the creators of The Lost Ways and The Lost Book of Remedies! Converts well on interests like self-sufficiency, off grid, gardening, DIY, survival, and others. Send us an email for marketing materials, best banners, videos, etc."
124,96,"DWAHLER","Apple Cider Vinegar Detox + Other Weight Loss Offers","Health & Fitness / Exercise & Fitness",14.5,"0.79%","$0.24",29.44,29.44,,"https://hop.clickbank.net/?affiliate=zzzzz&vendor=DWAHLER","","null","https://t.me/derekwahler","Direct Tracking Available","Diet and weight loss offer with a $57 AOV and 2-5% conversions. Reach out to derek@dwahlerfitness.com for 10 proven email swipes."
125,110,"ZVISION20","Vision 20® by Zenith Labs","Health & Fitness / Dietary Supplements",14.5,"0.08%","$0.09",125.22,125.22,,"https://hop.clickbank.net/?affiliate=zzzzz&vendor=ZVISION20","https://bestvisionsupport.com/affiliates/","affiliates@allgood.com","","","You'll see incredible conversions on health lists! Men & Women 45+. Our VSL, TSL, and backend are fully optimized for easy conversions. Our Affiliate Manager is ready to help YOU become one of our top affiliates."
126,133,"BALMOREX","Balmorex - Top Back & Joint Pain Cream Product","Health & Fitness / Exercise & Fitness",14.4,"0.20%","$0.30",130.8,130.8,,"https://hop.clickbank.net/?affiliate=zzzzz&vendor=BALMOREX","https://balmorex.pro/affiliates/","affiliates@mediapulseltd.com","","Direct Tracking Available, CPA Available","Unique Product For A Highly Profitable Market Ready To Be Scaled! Successfully Tested On All Traffic Sources. Apply Now!"
127,99,"GETHEAVEN","Prosperity Birth Code Reading - Wealth Manifestation 2026","Spirituality, New Age & Alternative Beliefs / General",14.3,"0.72%","$0.21",27.94,27.94,,"https://hop.clickbank.net/?affiliate=zzzzz&vendor=GETHEAVEN","https://leaders.birthcode-reading.com/","heaven@birthcode-reading.com","","","Wealth and Manifestation Offer, Converts Cold and Warm, Social Media Viral, Media Buyers Huge Roi, Makes You Money While You Sleep. Come and Check, Your Wallet Will Thank You"
128,128,"CARDIOSHIE","Cardio Shield","Health & Fitness / Dietary Supplements",14,"0.34%","$0.35",102.45,102.45,,"https://hop.clickbank.net/?affiliate=zzzzz&vendor=CARDIOSHIE","https://www.getcardioshield.com/affiliate-center/","affiliates@getcardioshield.com","","","YOUR BLOOD PRESSURE WILL RISE FROM THE EPCs YOU'LL GET FROM THIS NEW OFFER! A perfect blood pressure offer written by a top Health & Fitness copywriter and built by top ClickBank Clients. Aff Tools: https://www.getcardioshield.com/affiliate-center/"
129,127,"RENEW","RENEW - Straight Fire, Son!","Health & Fitness / Dietary Supplements",13.9,"0.38%","$0.56",144.36,144.36,0,"https://hop.clickbank.net/?affiliate=zzzzz&vendor=RENEW","https://www.saltwatertrick.org/affiliates","jackie@jvwithae.com","","","Here’s the next great offer from the most consistent crew on CB. Highest payouts available network wide. Huge AOV’s and conversion rates, as normal. Go here for details: https://www.saltwatertrick.org/affiliates"
130,88,"NEURASUPP","Neura (Super Legit Memory Supplement)","Health & Fitness / General",13.8,"0.49%","$0.72",140.61,140.61,,"https://hop.clickbank.net/?affiliate=zzzzz&vendor=NEURASUPP","https://neuraoriginal.com/Affiliates/","affiliates@binauraltechnologies.com","","","BIG-TIME BRAIN health/memory supplement from Diamond Vendor. Neuroscientist-endorsed. HIGH CVR's. Tested/proven swipes ready for you. Go here to get your link: https://neuraoriginal.com/Affiliates/"
131,151,"SEMAK007","Orgone Motor","Green Products / Alternative Energy",13.8,"1.97%","$0.82",43.14,43.14,,"https://hop.clickbank.net/?affiliate=zzzzz&vendor=SEMAK007","https://affiliates.green-energy-guides.com/orogone-energy-motor/","silvermediavision@yahoo.com","https://t.me/cataoq","Direct Tracking Available","Hot high converting new product! Orgone Energy Is HERE. And It's a Commission Monster. Sky high EPCs, and crazy ROI across Facebook, YouTube, TikTok & Native. It Works On Energy/solar, Home/garden/woodworking. And Prepper/survival Lists As Well."
132,95,"FBUDDY","Friends With Benefits - Dating Offer For Men - 100% commissions!","Self-Help / Dating Guides",13.6,"1.71%","$1.13",62.52,62.52,,"https://hop.clickbank.net/?affiliate=zzzzz&vendor=FBUDDY","https://friendswithbenefitsnow.com/affiliates/emailswipes.html","mike@insurgentmedia.tv","","","Electrifying new product shows single guys how to turn a hot girl into their casual sex buddy, and how to get your own harem!"
133,140,"SYNOGUT","New Gut and Poop Winner - SynoGut","Health & Fitness / Dietary Supplements",13.6,"0.32%","$0.41",128.12,128.12,,"https://hop.clickbank.net/?affiliate=zzzzz&vendor=SYNOGUT","https://synogut.com/help/affiliates.php","affs@synogut.com","","Approval Required, CPA Available","Top affs are doing 5-6 figure profits a day buying on native, email and FB. $2.93 EPC. This is the next hit! Powerful pitch that isn't saturated. Multiple intros are available."
134,170,"ABNAMINO","Advanced Amino Formula - 60% RevShare | High AOV and EPCs","Health & Fitness / Dietary Supplements",13.6,"4.35%","$1.82",59.94,59.94,,"https://hop.clickbank.net/?affiliate=zzzzz&vendor=ABNAMINO","https://www.advancedbionutritionals.com/CB/Advanced-Amino/Affiliates.htm","affiliates@advancedbionutritionals.com","","","Promote Advanced Amino Formula - premium Essential Amino Acids for muscle support, strength, energy & recovery. 60% commissions across funnel, $140 AOV, optimized pages, low refunds. https://www.advancedbionutritionals.com/CB/Advanced-Amino/Affiliates.htm"
135,119,"NEUROPEACE","NeuroQuiet - Brain, Hearing, Tinnitus","Health & Fitness / Dietary Supplements",13.4,"0.29%","$0.42",134.65,134.65,,"https://hop.clickbank.net/?affiliate=zzzzz&vendor=NEUROPEACE","https://neuroquiet.com/info/affiliates.html","aff@neuroquiet.com","https://t.me/adrflorea","","Neuro Quiet, a proven winner with a proven niche: hearing and brain. Top Clickbank vendor with multiple top 10 winners. NEW OPENER IS HOT! Scale before everybody else."
136,173,"KETOSOUP82","14 Day Rapid Soup Diet","Health & Fitness / Diets & Weight Loss",13.3,"1.08%","$0.25",21.98,21.98,,"https://hop.clickbank.net/?affiliate=zzzzz&vendor=KETOSOUP82","","derek@dwahlerfitness.com","https://t.me/derekwahler","","New soup offer from 2 Platinum partners is the best offer we ever produced. Affs are seeing 4 to 6% conversions. Converts great to health, diet, exercise & weight loss lists."
137,44,"LASTBATT","NEW: LAST BATTERY™ Private Offer $$$ FINALLY OPEN TO AFFILIATES $$$","Green Products / General",13.2,"2.25%","$1.84",81.79,81.71,0.08,"https://hop.clickbank.net/?affiliate=zzzzz&vendor=LASTBATT","https://thelastbatteryofficial.com/affiliates.php","affiliates@thelastbatterytradecraft.com","","Approval Required, Direct Tracking Available","Energize your bank account with Last Battery™ If you have traffic for Survival ,Green Energy, DIY then grab your links and get on the gravy train!  Very Strong  EPC's and conversion rates!  Commission Bumps, Direct Tracking and CPA's available."
138,155,"BRBROWNING","The Ex Factor 2.0 - The #1 Ex Back Product (2025 UPDATE)","Self-Help / Marriage & Relationships",13,"0.39%","$0.21",48.27,46.59,1.68,"https://hop.clickbank.net/?affiliate=zzzzz&vendor=BRBROWNING","http://www.exbackprofits.com/","lovelearnings@gmail.com","https://t.me/derjola","Direct Tracking Available, CPA Available","The top ""get your ex back"" product is upgraded for 2025! Completely revamped funnel + multiple high retention continuity upsells = $6 EPC after rebills. Desperate niche = the highest conversions you'll see in this market. Proven quality. Come get rich."
139,158,"KATESPRING","The Obsession Method -- UPDATED 2025","Self-Help / Dating Guides",12.9,"0.70%","$0.50",68.85,68.85,,"https://hop.clickbank.net/?affiliate=zzzzz&vendor=KATESPRING","http://www.obsessionjv.com/","lovelearnings@gmail.com","https://t.me/derjola","Direct Tracking Available, CPA Available","Brand new men's dating offer paying 75% on front-end and 75% on all the entire back-end (nearly 60% take rate!)... the biggest new launch in the men's niche for years created by the guys behind multiple top-50 overall offers. Email us for 90% commissions"
140,187,"SMPM123","Go Digital Income is on ClickBank! - Brand New BizOpp/MMO Offer","E-business & E-marketing / General",12.8,"2.28%","$0.26",11.76,11.76,,"https://hop.clickbank.net/?affiliate=zzzzz&vendor=SMPM123","https://godigitalincome.com/affiliates-cb/","affiliates@godigitalincome.com","","","Go Digital Income enables users to activate 3 income streams in 3 simple steps. Strong hook, fresh angle and a low $9 front end already converting on cold traffic. Includes bumps and upsells, with 75% commissions paid across the full funnel."
141,147,"BIOVANISH","BioVanish","Health & Fitness / Women's Health",12.6,"0.56%","$0.60",109.68,109.68,,"https://hop.clickbank.net/?affiliate=zzzzz&vendor=BIOVANISH","https://leanloophole.com/affiliates","affiliates@allgood.com","","","Have your best month ever with BioVanish! Our proven weight loss formula generating impressive $3+ EPCs. Our unique storytelling VSLs are skyrocketing conversions and upsell take rates. Secure your spot today and start earning big with BioVanish!"
142,166,"TESLAWS18","Tesla Wealth Script [Brand New 2026!]","Spirituality, New Age & Alternative Beliefs / General",12.6,"0.77%","$0.43",53.18,53.18,,"https://hop.clickbank.net/?affiliate=zzzzz&vendor=TESLAWS18","https://www.teslawealthscript.com/tws-aff","affiliate@teslawealthscript.com","","Direct Tracking Available","Brand New Conversion BEAST with high EPCs and low refunds. Earn 75% commissions across ENTIRE funnel (3 Upsells). Get ready to fill your pockets with load of cash in 2026! More details at: https://www.teslawealthscript.com/tws-aff"
143,135,"BRAINC13","Brain C-13","Health & Fitness / Dietary Supplements",12.4,"0.46%","$0.62",125.45,125.45,,"https://hop.clickbank.net/?affiliate=zzzzz&vendor=BRAINC13","https://brainclarity.net/affiliates/","affiliates@allgood.com","","","Trusted vendor. Proven funnel. Serious payouts. Brain C13 delivers elite EPCs and a rock-solid AOV. CPA + Rev Share both on deck. Don’t miss this top-performing brain health offer https://brainclarity.net/affiliates/"
144,145,"HEPATOBURN","HepatoBurn - Highest Payouts Guaranteed. Period.","Health & Fitness / Dietary Supplements",12.4,"0.12%","$0.20",150.77,150.77,0,"https://hop.clickbank.net/?affiliate=zzzzz&vendor=HEPATOBURN","https://www.hepatoburn.com/affiliates","jackie@jvwithae.com","","","Another banger from the group that brought you Java Burn. Highest payouts and highest conversions on the network! Go here for details and links: https://hepatoburn.com/affiliates"
145,102,"PURDENTIX","PurDentix - Big Smile, Fast Conversions, Clean Profits","Health & Fitness / Dental Health",12.2,"0.10%","$0.17",164.6,164.6,,"https://hop.clickbank.net/?affiliate=zzzzz&vendor=PURDENTIX","","affiliates@webseeds.com","","Approval Required, Direct Tracking Available","PurDentix is another proven offer from a Diamond Elite team. Converts well on native, email and Meta. Reach out to affiliates@webseeds.com with your ID and promotional method to be added to this banger."
146,136,"VENOPLUS8","VENOPLUS 8 - TRENDING Heart Health & Nitric Oxide Offer","Health & Fitness / Diets & Weight Loss",12.1,"0.41%","$2",89.19,89.19,,"https://hop.clickbank.net/?affiliate=zzzzz&vendor=VENOPLUS8","https://www.clkmg.com/alvindpm/venoplus8","cb.affhelp@truegenics.com","","","Description: Monster offer for heart health - Fully optimized & battle tested. Top affs are hitting EPC $2+."
147,123,"ELONCODE","The Elon Code - Billionaire Brain Neuro Activation System VSL + TSL","Spirituality, New Age & Alternative Beliefs / General",12,"2.33%","$1.18",50.1,50.1,,"https://hop.clickbank.net/?affiliate=zzzzz&vendor=ELONCODE","https://theeloncode.com/affiliates/","support@theeloncode.com","","Direct Tracking Available, CPA Available","The Highest Converting Brain Offer! Launched January 2026! From The Creators Of Several Billionaire Brain Offers Comes This New Offer. Jump On The Wave Now! Lots Of Affiliate Tools! Go To https://theeloncode.com/affiliates For Your Links And Video Ads."
148,149,"ALEXFVB","Female Vitality Protocol","Health & Fitness / Women's Health",11.8,"0.22%","$0.17",93.63,93.63,0,"https://hop.clickbank.net/?affiliate=zzzzz&vendor=ALEXFVB","https://fvblueprint.com/affiliates","support@linenryangroup.com","","Approval Required, CPA Available","By the creators of Pelvic Floor Strong, the sexiest offer is now on the market! CR: up to 7% EPC: $3"
149,153,"NEOTONICS","Neotonics - $3 EPC On Unique Skin-Gut Gummies","Health & Fitness / Beauty",11.8,"0.11%","$0.21",138.71,138.71,,"https://hop.clickbank.net/?affiliate=zzzzz&vendor=NEOTONICS","https://neotonics.com/help/affiliates.php","affiliates@neotonics-product.com","","Approval Required","Revolutionary Skin-Gut Gummies. Powerful Pitch, Multiple Intros Available, 100% Backed By Science. Top Affs Are Scoring Up To $3 EPC. Limited Slots Only."
150,139,"RHYTHMONE","RhythmONE – A New Longevity Offer with Strong Early Momentum","Health & Fitness / Dietary Supplements",11.7,"0.38%","$0.56",138.96,138.74,0.22,"https://hop.clickbank.net/?affiliate=zzzzz&vendor=RHYTHMONE","https://rhythmoneprotocol.com/affiliates/","affiliates@rhythmoneprotocol.com","https://t.me/wennschondennschon","","RhythmONE combines mushrooms and healthy aging into a differentiated angle gaining early traction. Built with a proven VSL funnel, $300+ AOV, and full upsell path. Low saturation and positioned for affiliates ready to scale."
151,165,"TAROTSPELL","Spellsology, Tarot/Ritual Combo is killing it in 2026!","Spirituality, New Age & Alternative Beliefs / Tarot",11.7,"0.47%","$0.15",37.37,37.37,,"https://hop.clickbank.net/?affiliate=zzzzz&vendor=TAROTSPELL","https://www.spellsology.com/h-pages/affiliates","affiliates@spellsology.com","https://t.me/raybizdev","Direct Tracking Available","HIGH Conversion Rates & EPCs! A personalized tarot reading combined with a custom ritual/spellcasting, with upsell take rates that will make you look twice. Affiliate form on our tools page gets you a commission bump! Converts on all types of listss ."
152,116,"VINCHECKUP","VINCHECKUP.com - Instant Vehicle History Reports","Software & Services / General",11.6,"5.86%","$0.67",10.88,10.88,,"https://hop.clickbank.net/?affiliate=zzzzz&vendor=VINCHECKUP","https://www.vincheckup.com/affiliateNew/landingGeneratorPage","affiliates@vincheckup.com","","","We offer Comprehensive Vehicle Reports at competitive rates, User friendly, Fully Responsive Interface, 75% Commission, Low Refunds. Affiliate tools available. See For Yourself Today! Vincheckup.com"
153,190,"THE20","The 20","Health & Fitness / Dietary Supplements",11.6,"0.86%","$0.14",35.79,25.34,10.44,"https://hop.clickbank.net/?affiliate=zzzzz&vendor=THE20","https://jv.personallifemedia.com/the20/","jv@dothe20.com","","","FLOW Nitric Oxide Booster. L-Citrulline from fermented organic watermelon rind, fermented organic spinach, organic acerola cherry, and pine bark extract (pinus pinaster). Our best converter is a FREE bottle that goes to a subscription."
154,168,"FXLIFE","Vip Algos - Premium Trading Indicators For Forex, Crypto, Stocks, Gold","Business / Investing / General",11.5,"1.41%","$0.27",20.13,19.12,1.02,"https://hop.clickbank.net/?affiliate=zzzzz&vendor=FXLIFE","https://www.vipalgos.com/affiliate","contact@vipalgos.com","","","VIP Algos, a premium Trading indicator & chart trading software. Earn up to 85% commission on eligible sales, with recurring commission opportunities and 15+ upsells. Over 100k active members right now. (Very High Converting Product For Affiliates)"
155,105,"LOTTOCHAMP","LottoChamp - Unique, AI-Based Lottery Coach","Software & Services / Other Investment Software",11.4,"1.24%","$1.43",123.42,123.42,0,"https://hop.clickbank.net/?affiliate=zzzzz&vendor=LOTTOCHAMP","https://getlottochamp.com/help/affiliates.php","affiliates@lottochamp-product.com","","Approval Required","New Powerhouse Lottery Offer! Crushes straight out the gate. Fully optimized and created by top vendors responsible for many winners. Constantly optimized & proven to convert!"
156,152,"FLUSHPLUS","Flush Factor Plus - Unique Swollen Feet Relief Formula","Health & Fitness / Dietary Supplements",11.3,"0.03%","$0.04",131.02,131.02,,"https://hop.clickbank.net/?affiliate=zzzzz&vendor=FLUSHPLUS","https://flushfactorplus.com/help/affiliates.php","affiliates@flushfactorplus-product.com","","Approval Required","Powerful Pitch, Multiple Intros Available, 100% Backed By Science. Limited Slots Only."
157,114,"UNLOCKHER","Unlock the Scrambler- Get Whitelisted for Up to 100% commission","Self-Help / Dating Guides",11.2,"1.68%","$1.25",74.82,72.85,1.97,"https://hop.clickbank.net/?affiliate=zzzzz&vendor=UNLOCKHER","http://magneticjv.com/unlock/","bobby@tsbmagazine.com","","Direct Tracking Available",""
158,126,"CLARITOX","Claritox Pro- Dizziness Niche","Health & Fitness / Dietary Supplements",11.2,"0.36%","$0.45",111.26,111.26,,"https://hop.clickbank.net/?affiliate=zzzzz&vendor=CLARITOX","","affs@claritox.com","","Approval Required, Direct Tracking Available","Dizziness niche is a unsaturated but extremely profitable niche. Affs are making $3-6 EPC on native/FB/email. Works on super broad traffic. More than 6 figures spent on testing, and making sure this VSL cranks out $ on every click. Limited affs only."
159,157,"LOOMIE","Latest- 2026 Biofied Resonance Pyramid","Spirituality, New Age & Alternative Beliefs / General",11.2,"0.77%","$0.29",48.05,48.05,,"https://hop.clickbank.net/?affiliate=zzzzz&vendor=LOOMIE","https://theloomie.com/pages/affiliate-page","lumiplus.co@gmail.com","https://t.me/kennycztan","Approval Required, Direct Tracking Available","High-converting Biofield Resonance Pyramid funnel with up to $387 per sale. Fully optimised funnel with NEWLY ADDED 40%+ upsell conversion! Perfect for spirituality, Feng Shui, LOA, manifestation, and general PD lists. 24/7 customer support."
160,159,"GRIDPHAN","The Grid Phantom: AI Defence System","Self-Help / Survival",11.1,"0.42%","$0.19",45.12,45.12,,"https://hop.clickbank.net/?affiliate=zzzzz&vendor=GRIDPHAN","https://affiliates.gridphantom.com/","affiliates@gridphantom.com","https://t.me/derjola","Direct Tracking Available","AI fear = $$$ in your pocket. Brand new in 2026. Desperate market = 7.3% conversion rates and crazy EPC's. Converts cold traffic. Take advantage while the craze is here. Easy money. For more info,"
161,212,"MATSATOPRO","Matsato Osuren knife","E-Commerce / General",11.1,"2.27%","$0.92",41.01,41.01,,"https://hop.clickbank.net/?affiliate=zzzzz&vendor=MATSATOPRO","https://matsato-osuren.com/matsato-osuren/affiliates","simona.jazdauskaite@orbio.world","https://t.me/simonaorbio","CPA Available","NO BRAND BIDDING. VIRAL WINNER: Matsato Osuren — the hand-forged, ice-hardened Japanese-style knife with a signature finger-hole grip, dominating Meta, Native & Google with massive CVR and repeat sellouts."
162,223,"AFFRH84","The Masuda Prayer - $2 EPC - 80% Upsell Take Rate!","Spirituality, New Age & Alternative Beliefs / General",11.1,"0.43%","$0.11",27.66,27.66,,"https://hop.clickbank.net/?affiliate=zzzzz&vendor=AFFRH84","https://www.wealthswitch.co/masudajv","support@wealthswitch.co","","Direct Tracking Available","New winner in the Spirituality niche from a 4x Platinum vendor. Crazy upsell flow and top quality unique product. Promote now before you miss out!"
163,221,"PWFREQUNCY","July 2026 - CVR Up 30% on Pyramid Wealth Frequency – Start Promoting","Spirituality, New Age & Alternative Beliefs / General",11,"1.35%","$0.35",21.34,21.34,,"https://hop.clickbank.net/?affiliate=zzzzz&vendor=PWFREQUNCY","https://docs.google.com/document/d/1IHmi1nv3XEV1mab6pW8__r4HXsg9qhQILs69DI-kKjE/edit?tab=t.0","","","Direct Tracking Available","CVR just jumped 30%. Pyramid Wealth Frequency is converting hard with 5 upsells, 2%+ CVR, high EPCs. Unique spiritual + wealth hook. Get swipes and your best affiliate link now on the affiliate page."
164,180,"WOODPROFIT","WoodProfits - $80 Per Sale - New Copy Doubles Conversions!","Business / Investing / Small Biz / Entrepreneurship",10.9,"0.36%","$0.15",27.22,27.22,,"https://hop.clickbank.net/?affiliate=zzzzz&vendor=WOODPROFIT","https://woodprofits.com/affiliates","","","Direct Tracking Available","Get up to 5-15% conversion on cold traffic. Insane EPCs on woodworking, DIY, survivalist, green energy traffic! The guide to starting a $90,000/yr home woodworking business. Custom landers for PPC & FB on our affiliate page"
165,161,"33RDDEGREE","The 33rd Frequency | $130+ Per Sale | $1+ EPC | CB Platinum & Diamond","Spirituality, New Age & Alternative Beliefs / General",10.8,"0.63%","$0.35",55.09,55.09,,"https://hop.clickbank.net/?affiliate=zzzzz&vendor=33RDDEGREE","https://the33rddegree.com/affiliates","updates@partnerupdates.com","","","CB Platinum & Diamond vendor. Proven team, proven funnels. $130+ in commissions from each customer. $1.05 tested EPC. Unique story-driven VSL that converts because it's genuinely different from everything else in the niche. Works on cold paid or emails."
166,177,"TRUTHSTARS","The Truth In Your Stars - RECURRING COMMISSIONS, Fully Interactive VSL","Spirituality, New Age & Alternative Beliefs / Astrology",10.8,"0.67%","$0.12",31.75,19.38,12.37,"https://hop.clickbank.net/?affiliate=zzzzz&vendor=TRUTHSTARS","https://www.thetruthinyourstars.com/affiliates/","james@thetruthinyourstars.com","https://t.me/a_bc12345","","Scaling on FB ads right now! Forget about generic VSLs full of stock footage and one-size-fits-all messaging: The Truth In Your Stars offers a fully personalized, interactive multimedia experience. Your traffic will love it, and so will your bank account."
167,181,"MFPORTAL","Manifestation Portals [2026 promo ready]","Spirituality, New Age & Alternative Beliefs / General",10.6,"1.30%","$0.70",51.26,51.26,,"https://hop.clickbank.net/?affiliate=zzzzz&vendor=MFPORTAL","https://vip.manifestationportals.com/mfportal-affiliate","support@clicktwostart.com","","","New 2026 manifestation offer from a 5X ClickBank Platinum vendor. Sweet EPCs, 50–60% Upsell #1 conversions, and refunds around 2%. Fresh “suppressed government discovery” angle crushing now. Get in before saturation hits!"
168,160,"DIGESTSYNC","DigestSync - $4 EPC On Our Unique Gut & Vagus Nerve Formula","Health & Fitness / Dietary Supplements",10.5,"0.23%","$0.33",123.17,123.17,,"https://hop.clickbank.net/?affiliate=zzzzz&vendor=DIGESTSYNC","https://digestsync.com/help/affiliates.php","affiliates@digestsync-product.com","","Approval Required, Direct Tracking Available","Powerful Pitch, Multiple Intros Available, 100% Backed By Science. Top Affs Are Scoring Up To $4 EPC. Limited Slots Only."
169,178,"WINSELECT","Platinum Tipster Network","Betting Systems / General",10.4,"2.95%","$0.60",21.28,21.28,,"https://hop.clickbank.net/?affiliate=zzzzz&vendor=WINSELECT","","support@platinumtipsternetwork.com","","","The UKs No1 Betting Network."
170,189,"ENDOPEAK","EndoPeak - Male Health, ED, Testosterone","Health & Fitness / Men's Health",10.4,"1.28%","$1.56",131.36,131.36,,"https://hop.clickbank.net/?affiliate=zzzzz&vendor=ENDOPEAK","https://endopeak.com/info/affiliates.html","aff@endopeak.com","https://t.me/adrflorea","Direct Tracking Available","New winner for male health and performance. From the team that brought you multiple top 10 winners before. High Commissions. Low Refunds!"
171,218,"LOSTREC","The Lost SuperFoods","Self-Help / Survival",10.3,"0.72%","$0.30",44.01,44.01,,"https://hop.clickbank.net/?affiliate=zzzzz&vendor=LOSTREC","http://www.thelostsurvivalfoods.com/affiliates","affiliates.gbs@gmail.com","","Direct Tracking Available","NEW in 2022 for Affiliates! From the creators of The Lost Ways and The Lost Book of Remedies! This bestselling product, is now available (as of 2022) for you to promote it and make lots of sales fast. 90% commissions available on upsells."
172,29,"AMPJOINT","AMP Joint 10 – Joint Support Offer | $240 CPA","Health & Fitness / Dietary Supplements",10.1,"1.16%","$2.72",234.68,234.68,,"https://hop.clickbank.net/?affiliate=zzzzz&vendor=AMPJOINT","","affiliates@montra.global","https://t.me/sushimellow","Approval Required, Direct Tracking Available","New, optimized joint-support e-commerce offer built to convert cold traffic. $240 CPA is available to approved affiliates using compliant traffic sources. Affiliate promotion requires prior approval."
173,71,"ROCKETLANG","Rocket Languages: The Gold Standard In Online Language Learning!","Languages / Other",10,"4.25%","$4.30",104.88,100.7,4.17,"https://hop.clickbank.net/?affiliate=zzzzz&vendor=ROCKETLANG","https://affiliate.rocketlanguages.com/register","affiliates@rocketlanguages.com","","Approval Required","Earn 20% to 70% commission by promoting a top-quality, high-converting product. We give you 30-day access to a course, so you can sell it to your audience effectively. We whitelist so you MUST apply here: https://affiliate.rocketlanguages.com/register"
174,182,"FLOWFORCE","FlowForce Max - $4 EPC On Unique “Prostate Shrinking Chew Candy”","Health & Fitness / Men's Health",9.9,"0.00%","$0.00",127.81,127.81,,"https://hop.clickbank.net/?affiliate=zzzzz&vendor=FLOWFORCE","https://flowforcemax.com/help/affiliates.php","affiliates@flowforcemax-product.com","","Approval Required","Original Prostate Shrinking Formula. Powerful Pitch, Multiple Intros Available, 100% Backed By Science. Top Affs Are Scoring Up To $4 EPC. Limited Slots Only."
175,171,"RESVERABUR","Resveraburn - feat Uncle Brad","Health & Fitness / Dietary Supplements",9.8,"0.39%","$0.62",166.7,166.7,,"https://hop.clickbank.net/?affiliate=zzzzz&vendor=RESVERABUR","https://www.resveraburn.com/affiliates","jackie@jvwithae.com","https://t.me/bradhoward","","A new hit for all audiences. Proven hooks. Bumps for players. Just go here: https://www.resveraburn.com/affiliates"
176,195,"TCONTROL24","TC24 - NEW Prostate Offer - PROMOTE NOW","Health & Fitness / Men's Health",9.8,"0.13%","$0.12",136.79,136.79,,"https://hop.clickbank.net/?affiliate=zzzzz&vendor=TCONTROL24","https://buytc24.com/affiliates","affiliates@buytc24.com","","Direct Tracking Available, CPA Available","From the creators of Nitric Boost, Total Control 24 (TC24) is the NEW prostate offer is converting like crazy to men’s traffic! Jump on this now. Created by a team that has done $100 million+ in supplement sales."
177,176,"SILENTFREQ","Silent Frequency: NEW High EPC Wealth Manifestation Offer","Spirituality, New Age & Alternative Beliefs / General",9.7,"0.31%","$0.13",49.22,49.22,,"https://hop.clickbank.net/?affiliate=zzzzz&vendor=SILENTFREQ","https://silentfrequency.com/affiliates/tools","updates@partnerupdates.com","","","A high-converting audio offer for the Wealth & Manifestation niche. Built by a team with ClickBank Platinum & Diamond awards, Silent Frequency is designed for affiliates who want high CVR + EPC, whether cold or warm traffic! Try it or you wouldn’t believe"
178,164,"COGNICARE","CogniCare Pro - NEW Brain & Memory","Health & Fitness / Dietary Supplements",9.6,"0.42%","$0.66",152.89,152.89,,"https://hop.clickbank.net/?affiliate=zzzzz&vendor=COGNICARE","https://cognicarepro.com/info/affiliates.html","aff@cognicarepro.com","https://t.me/adrflorea","","Cognicare Pro, consistently excelling in its niche. A top Clickbank vendor celebrated for multiple top achievements. This one's heating up! Get ahead of the curve and start scaling now."
179,179,"FEMIPRO","FemiPro - Unique Pee Leaks Formula","Health & Fitness / Women's Health",9.6,"0.06%","$0.07",138.24,138.24,,"https://hop.clickbank.net/?affiliate=zzzzz&vendor=FEMIPRO","https://getfemipro.com/help/affiliates.php","affiliates@femipro-product.com","","Approval Required","Powerful Pitch, Multiple Intros Available, 100% Backed By Science. Limited Slots Only."
180,174,"ULTRAK9PRO","UltraK9 Pro - #1 Primal Nutrients For Pet Health","Home & Garden / Animal Care & Pets",9.5,"0.22%","$0.38",149.35,149.35,,"https://hop.clickbank.net/?affiliate=zzzzz&vendor=ULTRAK9PRO","https://ultrak9pro.com/help/affiliates.php","affiliates@ultrak9pro-product.com","","Approval Required, Direct Tracking Available","Brand New Unique Primal Nutrients Formula Sells Like Crazy! More Than 3% CVR. Unique Story Angle, 100% Backed By Science. Get Started Early And Don’t Miss Out! Get Your Affiliate Tools Below!"
181,150,"JOINTN11","Joint N-11 – A Top-Performing Joint Health Supplement!","Health & Fitness / Dietary Supplements",9.4,"0.51%","$0.61",124.97,124.97,,"https://hop.clickbank.net/?affiliate=zzzzz&vendor=JOINTN11","https://alljointsupport.com/affiliates/","affiliates@allgood.com","","","High-Converting VSL in the Thriving Health Niche Generous Commissions for Affiliates Unique Joint Support Formula Proven Funnel | Low Refund Rates | Powerful Backend Monetization Partner with us: affiliates@zenithlabs.com"
182,193,"BELLYFH","BellyFlush™ | Gut Cleanse & Digestive Detox | Lose Weight","Health & Fitness / Diets & Weight Loss",9.4,"0.61%","$0.28",75.93,75.93,,"https://hop.clickbank.net/?affiliate=zzzzz&vendor=BELLYFH","https://cb.getbellyflush.com/aff/afftools.php","cb.bellyflush.affhelp@truegenics.com","","Direct Tracking Available","Top-performing trending gut cleanse and detox formula. Helps reduce bloating, support digestion, and restore regularity with additional weight-loss benefits. MASSIVE 75% commissions for our affiliates, with average EPCs of $1.60+"
183,211,"ESTEBANLAR","900 Seductive Texts ™ | Male offer - 75% - 11 Upsells","Self-Help / Dating Guides",9.4,"2.89%","$0.35",12.17,11.55,0.62,"https://hop.clickbank.net/?affiliate=zzzzz&vendor=ESTEBANLAR","https://www.waystogetwomen.com/affiliate_center","info@eljuegodelaseduccion.com","https://t.me/luisest777","","Cold traffic crusher! 12-min VSL loaded with real value makes men buy on the spot. Sky-high conversions, ultra-low refunds, and $500+ commission potential. 11 powerful upsells + 75% payouts. This offer prints money. Grab your link and start earning today!"
184,215,"PAINFIX","NEW Unlock Your Hip Flexors VSL with Therapy Tool","Health & Fitness / Exercise & Fitness",9.4,"0.13%","$0.05",53.8,53.8,0,"https://hop.clickbank.net/?affiliate=zzzzz&vendor=PAINFIX","https://www.unlockmyhips.com/partners","affiliates@exercisesforinjuries.net","","Approval Required, Direct Tracking Available","UYHF GIVES YOU A PRACTICAL, EASY-TO-FOLLOW PROGRAM YOU CAN USE TO INSTANTLY RELEASE YOUR HIP FLEXORS FOR MORE STRENGTH, BETTER HEALTH AND ALL DAY ENERGY."
185,132,"ARCANAVOX","**NEW** - KARMIC Astrology VSL (Desktop + Mobile)","Spirituality, New Age & Alternative Beliefs / Astrology",9.3,"1.26%","$0.35",32.78,32.77,0.01,"https://hop.clickbank.net/?affiliate=zzzzz&vendor=ARCANAVOX","","admin@arcana-vox.com","https://t.me/yolan_10","Direct Tracking Available, CPA Available","Personalized Karmic Astrology Reading"
186,86,"250BADGE","Trump 250th Anniversary Golden Badge","Politics / Current Events / General",9.2,"0.77%","$1.65",225.45,225.45,,"https://hop.clickbank.net/?affiliate=zzzzz&vendor=250BADGE","","affiliate@thepatriotslegacy.com","","Direct Tracking Available","Trump 250th Anniversary Golden Badge is your next winning offer! AOV $500+. CR 4%+ proven with collectible buyers. Tested Patriotic Niche powerhouse. Maximize EPC now. Promote this limited-edition badge!"
187,92,"ENDURAMIND","Roar Lion's Mane","Health & Fitness / Dietary Supplements",9.2,"12.04%","$4.21",36.84,36.5,0.33,"https://hop.clickbank.net/?affiliate=zzzzz&vendor=ENDURAMIND","","drkareemenduramind@gmail.com","","Approval Required","This offer CRUSHES! We've been so busy running traffic quietly on our own that we haven't really opened this to affiliates much yet.. if you'd like in, please make sure we whitelist you. And we'll be glad to hook you up :-) ~ Dr. Kareem Enduramind"
188,229,"HOLYFREQ","Holy Frequency [August 2026]","Spirituality, New Age & Alternative Beliefs / General",9.2,"0.55%","$0.20",44.91,44.91,,"https://hop.clickbank.net/?affiliate=zzzzz&vendor=HOLYFREQ","https://vip.holyfrequency.co/holyfreq-affiliate","support@clicktwostart.com","","","Christian niche GOLDMINE. Vatican-suppressed frequency angle converts cold traffic like nothing your list has seen. 5X CB Platinum vendor behind it. Get in before this blows up! Grab swipes at vip.holyfrequency.co/holyfreq-affiliate"
189,172,"RENEWDENTA","Renew Dental Support - Tripled Conversions!","Health & Fitness / Dietary Supplements",9.1,"0.24%","$0.27",109.96,109.77,0.19,"https://hop.clickbank.net/?affiliate=zzzzz&vendor=RENEWDENTA","https://renewdentalsupport.com/affiliates","jessie@thedirectmediaagency.com","https://t.me/jessieoslie90","","This new version has been optimized to triple conversions from before! More than $5 EPC! Crushing it on all traffic sources: Native/Email/Fb"
190,191,"REBORNF","NEW 2026 HOT OFFER: Soul Mirror Reading [AOV $75 @ $.52 EPCs]","Spirituality, New Age & Alternative Beliefs / Tarot",9.1,"0.82%","$0.26",33.23,32.93,0.29,"https://hop.clickbank.net/?affiliate=zzzzz&vendor=REBORNF","https://soulmirrorreading.com/affiliate","affiliate@ignitevisionmedia.com","https://t.me/raybizdev","","Luna Ross's Soul Mirror Reading, A unique tarot-style reading with a twist! High EPCs and 42%+ upsell take rate. Go HERE to get your link: https://soulmirrorreading.com/affiliate"
191,163,"BIODENTIX","BioDentex","Health & Fitness / Dietary Supplements",9,"0.11%","$0.19",170.68,170.68,0,"https://hop.clickbank.net/?affiliate=zzzzz&vendor=BIODENTIX","https://gobiodentex.com/affiliates","jessie@thedirectmediaagency.com","https://t.me/jessieoslie90","Direct Tracking Available","Monster Dental Offer. NEW 2026! Kills it on all lists. $180+ CPA and direct tracking available! Split tested and optimized to scale on FB/Native/Email/YT traffic. $5+ EPC's! Get resources and links here: https://gobiodentex.com/affiliates"
192,199,"SINNOVATOR","Solar Innovator – MASSIVE OFFER Will Shine Like a Diamond","Green Products / Alternative Energy",9,"1.38%","$0.73",46.46,46.46,,"https://hop.clickbank.net/?affiliate=zzzzz&vendor=SINNOVATOR","https://epcworkshop.com/cb/new/home.html","epcworkshop20@gmail.com","","Direct Tracking Available","Stellar Green Energy Offer Is Crushing It. Just Launched And EPCs Are Already Up To $3! Unique Product, Cinematic VSL & Legendary 100% Upsell Funnel = The Perfect Recipe For A REAL CONVERSION BEAST that KILLS on Warm, Cold, Native And More."
193,207,"MONEYWAVEX","The Money Wave","Spirituality, New Age & Alternative Beliefs / General",9,"1.14%","$0.65",49.89,49.89,,"https://hop.clickbank.net/?affiliate=zzzzz&vendor=MONEYWAVEX","https://getmoneywave.com/Affiliates/","affiliates@binauraltechnologies.com","","Direct Tracking Available","TOP performing ""money"" offer. Sky-high conversions on FB, YT and TT. Be sure to GET YOUR affiliate link here: https://getmoneywave.com/Affiliates/ Test your traffic and see why this baby has been Top 10 since Day 1."
194,214,"DRKAREEM","Fix ""Nerve Pain"" -- Conversion Monster -- Nubby (Massage Device)","Health & Fitness / Exercise & Fitness",9,"0.51%","$0.10",36.36,36.36,,"https://hop.clickbank.net/?affiliate=zzzzz&vendor=DRKAREEM","","drkareemsamhouri@gmail.com","","Approval Required","Create 'Muscle Space' & Relieve Nerve Pain; Nubby is world's leading at-home myofascial release device. It's simple: stick it to a wall (or floor) & lean on it. Won massage device of the year at AMTA meeting; biomedically-engineered and doctor-approved."
195,243,"NERVEARMOR","Nerve Armor Provides Nerve Pain Relief DEEP Into Your Skin","Health & Fitness / Remedies",8.7,"0.04%","$0.07",110.12,108.84,1.28,"https://hop.clickbank.net/?affiliate=zzzzz&vendor=NERVEARMOR","https://nervearmor.org/partners","lindsay@criticalbench.com","","Direct Tracking Available","New 2025 VSL from Diamond vendor is off to the races! Get in while it's new & hot. Say goodbye to nerve pain and reclaim your active lifestyle with Nerve Armor, a powerful blend of natural ingredients designed to support nerve health.."
196,206,"DIVINEWPR","NEW 2026 HOT OFFER: Divine Wealth Path Reading [AOV $90 - $.55 EPCs]","Spirituality, New Age & Alternative Beliefs / Astrology",8.6,"0.31%","$0.13",42,42,0,"https://hop.clickbank.net/?affiliate=zzzzz&vendor=DIVINEWPR","https://divinewealthpathreading.com/affiliate","affiliate@ignitevisionmedia.com","","Direct Tracking Available","Lyra Dawn personalized Divine Wealth Path Reading reveals the energies blocking your abundance and the unique path to your breakthrough. High EPCs and more than 35% upsell purchase. Go HERE to get your link: https://divinewealthpathreading.com/affiliate"
197,209,"SAVMARRIAG","Save The Marriage System","Self-Help / Marriage & Relationships",8.5,"0.29%","$0.06",35.17,29.19,5.98,"https://hop.clickbank.net/?affiliate=zzzzz&vendor=SAVMARRIAG","http://www.savethemarriage.com/affiliatesignup.html","","","Direct Tracking Available","Best Selling: Has Sold Over 85,000 Copies, And Continues With Excellent Conversion Rates (often exceeds 6.5%)! New Pricing Is $47.00. You receive 70%! VERY LOW refund rates. Upsell is a recurring membership, with monthly payments. NEW optimized website"
198,240,"RAPA89","Moray Generator - NEW 2026 ENERGY PRODUCT 2+EPC","Green Products / Alternative Energy",8.4,"2.92%","$1.29",46.46,46.46,,"https://hop.clickbank.net/?affiliate=zzzzz&vendor=RAPA89","https://moraygeneratorsystem.com/affiliate/","support@moraygeneratorsystem.com","https://t.me/cataoq","Direct Tracking Available","Hot, high-converting new product! Moray Generator Is HERE. And It's a Commission Monster. Sky-high EPCs and crazy ROI across Facebook, YouTube, TikTok & Native. It Works On Energy/solar, Home/garden/woodworking. And Prepper/survival Lists As Well."
199,202,"THEQWAVE","Quantum Wave","Spirituality, New Age & Alternative Beliefs / General",8.3,"0.75%","$0.39",48.58,48.58,,"https://hop.clickbank.net/?affiliate=zzzzz&vendor=THEQWAVE","https://getquantumwave.com/jv.html","clickbankscaling@gmail.com","https://t.me/evermakeev","Direct Tracking Available","Brand-new 7-min brainwave audio VSL from the team behind 7 figure launches. ""God Mode"" quantum angle is converting like crazy. Strong upsell flow and fat EPCs on cold traffic & email. Get your link: https://getquantumwave.com/jv.html"
200,225,"PULMOBALAN","Pulmo Balance - Top Lung Health","Health & Fitness / Dietary Supplements",8.2,"0.08%","$0.10",141.2,141.2,,"https://hop.clickbank.net/?affiliate=zzzzz&vendor=PULMOBALAN","https://pulmobalance.com/info/affiliates.html","aff@pulmobalance.com","","","3% Conversion Rates and $5 EPCs - Get it Now!"
201,228,"3STAMINA","3 Step Stamina - Huge E.p.c.s - E.D. program by real pornstar","Health & Fitness / Men's Health",8.1,"0.80%","$0.28",36.94,36.94,,"https://hop.clickbank.net/?affiliate=zzzzz&vendor=3STAMINA","","","","","This is blowing up like CRAZY! This is the only E.D. offer created by a real pornstar featured in over 200 adult movies. Conversions are NEXT LEVEL. Details, EPC proof and tools here: www.3stepstamina.com/partners"
202,186,"NIDRACODE","Nidra Abundance Code [2026]","Spirituality, New Age & Alternative Beliefs / General",8,"0.26%","$0.15",53.36,53.36,,"https://hop.clickbank.net/?affiliate=zzzzz&vendor=NIDRACODE","https://nidraabundancecode.com/nac-affiliate","support@nidraabundancecode.com","","","New ""sleep-and-earn"" offer from 5X Platinum vendor! We pay 75% commission across the funnel. Low refunds, zero fluff. Perfect for LOA spiritual & manifestation traffic. Send clicks, stack cash. Swipes at: nidraabundancecode.com/nac-affiliate"
203,213,"KERAVITA","Keravita - The Only Toenail Fungus Offer on CB","Health & Fitness / Dietary Supplements",8,"0.32%","$0.40",123.1,123.1,,"https://hop.clickbank.net/?affiliate=zzzzz&vendor=KERAVITA","https://getkeravitapro101.com/help/affiliates.php","affiliates@keravitapro101.com","","Approval Required","Toenail fungus is a huge niche and not very competitive. This is a fresh new offer, strong live VSL, top affs are already doing 5 to 6 figures/day. If you have any health/survival/conservative/senior traffic, this offer just crushes it. Limited spots only"
204,131,"PGRDVIP","Pineal Guard - Third Eye Activation Supplement for 2024","Spirituality, New Age & Alternative Beliefs / General",7.9,"0.50%","$0.43",110.78,110.78,,"https://hop.clickbank.net/?affiliate=zzzzz&vendor=PGRDVIP","https://pinealguard.com/affiliates","affiliates@pinealguard.com","","","This $1.67 EPC offer is a brand-new supplement that not only helps to detoxify the pineal gland but to fully activate it! Our lists love this unique product as there is nothing like it in the market. Converts well with manifestation and chakra audiences!"
205,216,"OVERSYSTEM","Hivemind Football Model","Betting Systems / Football",7.9,"10.11%","$1.51",15.03,15.03,,"https://hop.clickbank.net/?affiliate=zzzzz&vendor=OVERSYSTEM","","support@hivemindmodel.com","","","Hivemind Football Model - 2026/2027 season"
206,217,"THEYAVUE","TheyaVue - High Converting Vision Offer","Health & Fitness / Dietary Supplements",7.9,"0.18%","$0.20",111.16,111.16,,"https://hop.clickbank.net/?affiliate=zzzzz&vendor=THEYAVUE","https://gettheyavue.com/cb-affiliates","aff@gettheyavue.com","","","Don't miss out on promoting this amazing new vision supplement offer! 1.5% avg CR with $200+ AOVs. Dialed in for a 50+ audience - crushes on Email, Youtube, FB and Native. Get your link at the Affiliate Page today."
207,200,"LONGACTIVE","Longevity Activator Top-Converting Anti-Aging Offer!","Health & Fitness / Dietary Supplements",7.8,"0.48%","$0.75",141.46,141.46,,"https://hop.clickbank.net/?affiliate=zzzzz&vendor=LONGACTIVE","https://mylongevityactivator.com/affiliates","affiliates@allgood.com","","","High-converting VSL in the booming health niche Generous commissions Telomere-support formula targeting 40+ demo Proven funnel | Low refund rate | Strong backend monetization Perfect for health-focused traffic. affiliates@zenithlabs.com"
208,245,"JOINTGLIDE","Unlock Big Commissions with Joint Glide – The Ultimate Joint Formula!","Health & Fitness / Dietary Supplements",7.8,"0.16%","$0.22",113.93,113.93,,"https://hop.clickbank.net/?affiliate=zzzzz&vendor=JOINTGLIDE","https://getjointglide.com/partners","lindsay@criticalbench.com","","Direct Tracking Available","Brand new 2025 VSL from Diamond publisher. Act fast to earn big. Say goodbye to joint discomfort and reclaim your active lifestyle with Joint Glide, a powerful blend of natural ingredients designed to support joint health, mobility, and flexibility."
209,185,"DMSUPPS","Cacao Bliss","Health & Fitness / Dietary Supplements",7.7,"0.50%","$0.36",83.91,83.91,0,"https://hop.clickbank.net/?affiliate=zzzzz&vendor=DMSUPPS","https://thefitrise.com/aff/affiliatesignup-cacaobliss/","","","Approval Required","Crazy converting healthy chocolate superfood blend with a $91 avg payout! Over 100% AOV on 60% commission. Low refunds, proven swipes, high converting flow, and $2.13 EPC. Keto, Vegan, and Vegetarian friendly. Cash in on this best converting offer!"
210,201,"MENORESCUE","MenoRescue","Health & Fitness / Dietary Supplements",7.5,"0.42%","$0.35",144.35,138.75,5.61,"https://hop.clickbank.net/?affiliate=zzzzz&vendor=MENORESCUE","https://menorescue.com/affiliates/","affiliates@allgood.com","","","The next generation in menopause offers from a ClickBank Diamond Award-Winning Team. MenoRescue generates massive payouts for our affiliates with $3 - $5 EPCs. Default commissions of 75% on front-end sales and 65% on upsells."
211,205,"ALPHATONIC","Alpha Tonic","Health & Fitness / Men's Health",7.4,"0.35%","$0.36",118.52,118.52,,"https://hop.clickbank.net/?affiliate=zzzzz&vendor=ALPHATONIC","https://thealphatonic.com/affiliates","aff@thealphatonic.com","","Approval Required","Powerful male health, ED and testosterone offer. Fully optimized VSL vacuums up commissions for you and men love the amazing product. Limited spots available. Get approved: https://thealphatonic.com/affiliates"
212,220,"NEUROTHRIV","Neuro-Thrive Brain Support","Health & Fitness / Dietary Supplements",7.4,"0.08%","$0.08",115.33,115.2,0.14,"https://hop.clickbank.net/?affiliate=zzzzz&vendor=NEUROTHRIV","https://neurothrive.org/partners","lindsay@criticalbench.com","","Direct Tracking Available","Brand new VSL published by time tested Diamond Premier Partner. All natural brain support supplements for regaining sharper focus and boost your memory. Great for seniors. No stimulants. High quality. Sales copy converts like hot cakes."
213,184,"DIGESTI","DigestiStart - High EPC On Our Unique “Gut Releasing” Protocol","Health & Fitness / Dietary Supplements",7.3,"0.11%","$0.14",130.02,130.02,,"https://hop.clickbank.net/?affiliate=zzzzz&vendor=DIGESTI","https://digestistart.com/help/affiliates.php","affiliates@digestistart-product.com","","Approval Required","Powerful Pitch, Multiple Intros Available, 100% Backed By Science. Top Affs Are Scoring Up To $4 EPC. Limited Slots Only."
214,226,"MINDOXA","Mindoxa - Unique Ingredients","Health & Fitness / Dietary Supplements",7.3,"0.02%","$0.05",180.32,180.32,,"https://hop.clickbank.net/?affiliate=zzzzz&vendor=MINDOXA","https://getmindoxa.com/affiliates","jessie@thedirectmediaagency.com","https://t.me/jessieoslie90","","Monster brain offer NEW 2026! Kills it on all lists. $180+ CPA and direct tracking available! Split tested and optimized to scale on FB/Native/Email/YT traffic. $5+ EPC's! Get resources and links here: https://getmindoxa.com/affiliates"
215,242,"SONOVIVE","SonoVive - Monster In The Hearing Loss Niche","Health & Fitness / General",7.3,"0.31%","$0.30",105.8,105.8,,"https://hop.clickbank.net/?affiliate=zzzzz&vendor=SONOVIVE","https://sonovive.com/help/affiliates.php","affiliates@sonovive-product.com","","Direct Tracking Available","Customers & Affs Love This #1 Selling Hearing Loss Remedy! Top Affs Are Doing 5-6 Figure Profits A Day Buying On Native, Email And Fb. Don't Miss Out On This Proven Cash-cranking Funnel. Limited Slots Only."
216,210,"CITRUSBURN","CitrusBurn - HOT New WEIGHT LOSS Supplement For 2026","Health & Fitness / Dietary Supplements",7.2,"0.00%","$0.00",184.62,184.62,,"https://hop.clickbank.net/?affiliate=zzzzz&vendor=CITRUSBURN","https://citrusburn.com/affiliates/","support@citrusburn.com","","CPA Available","Written By The #1 Copywriter In The World (You Know Who). Scale To $100k+ A Day FAST With This! FREE Video Ads Are Provided Ready To Use Now! https://citrusburn.com/affiliates/"
217,237,"BATTERYFIX","Easy Battery Fix - NEW 2025 Battery Reconditioning Program!","Green Products / Alternative Energy",7.1,"1.33%","$0.55",41.07,41.07,,"https://hop.clickbank.net/?affiliate=zzzzz&vendor=BATTERYFIX","https://easybatteryfixed.com/affiliate/","support@easybatteryfixed.com","https://t.me/cataoq","Direct Tracking Available, CPA Available","NEW BATTERY 2025!! High Converting Battery Reconditioning course! The Winning Offer You Were Looking For With Huge EPC! It Works On Energy/Home/Garden/Woodworking And Prepper/Survival Lists.Great Results On Native/Facebook Traffic!"
218,208,"WINNINGTIC","Profit Vault","E-business & E-marketing / Affiliate Marketing",7,"0.52%","$0.27",54.42,54.42,,"https://hop.clickbank.net/?affiliate=zzzzz&vendor=WINNINGTIC","https://get.profitvault.co/start","email@reachoutaffiliates.com","","","Proven by a ClickBank Diamond Vendor. 85% commissions across entire funnel! We tested with our own ad spend to optimize EPCs. Converts on cold traffic with low refunds! Perfect for BizOpp/MMO/Side Hustle lists."
219,230,"SLEEPREVIV","Sleep Like a Rock Until the Sun Comes Up with Sleep Revive","Health & Fitness / Sleep and Dreams",7,"0.31%","$0.29",98.95,98.95,,"https://hop.clickbank.net/?affiliate=zzzzz&vendor=SLEEPREVIV","https://sleeprevive.org/partners","lindsay@criticalbench.com","","Direct Tracking Available","New VSL from Diamond Vendor. Sleep Revive is the only solution that allows you to sleep like a rock until the sun comes up, even if you had a few extra coffees."
220,234,"CELLUCARE","CelluCare - New Breakthrough In Blood Sugar Science","Health & Fitness / Dietary Supplements",7,"0.11%","$0.26",152.08,152.08,,"https://hop.clickbank.net/?affiliate=zzzzz&vendor=CELLUCARE","https://cellucarehq.com/info/affiliates.html","aff@cellucarehq.com","https://t.me/adrflorea","","CelluCare, a leading name in its industry, stands out on Clickbank with multiple high-performance accolades. $160 Payouts available! Reach out to aff@cellucarehq.com to start now."
221,249,"00FORTUNEA","Fortune Reading - NEW AUGUST 2025! INSANE AOV $150","Spirituality, New Age & Alternative Beliefs / General",7,"0.46%","$0.12",70.42,66.29,4.13,"https://hop.clickbank.net/?affiliate=zzzzz&vendor=00FORTUNEA","https://leaderboard.neuromedia.com/","affs@neuromailer.com","","","3x DIAMOND vendor! Don’t let clickbank data fool you, low quality affiliate traffic dilutes REAL results the biggest spirituality vendors are getting. $.40-$1.20 EPC on main lists! $2-$4 on customer lists! Had a $500,000 launch in 2021… now it’s BETTER"
222,231,"NUNERVE","NU NERVE - Best Nerve Pain Offer! Our VSL makes affiliates $$$$ daily!","Health & Fitness / Dietary Supplements",6.8,"0.12%","$0.17",122.66,122.66,,"https://hop.clickbank.net/?affiliate=zzzzz&vendor=NUNERVE","https://trynunerve.com/aff","amanda.slimcrystalteas@gmail.com","","","NU NERVE is converting extremely well on all traffic sources! Get up to $150 CPA! Get your affiliate tools here https://trynunerve.com/aff/"
223,244,"MAKEHIMW","Make Him Worship You - Women's Relationship Monster","Self-Help / Marriage & Relationships",6.8,"0.53%","$0.27",54.9,54.03,0.87,"https://hop.clickbank.net/?affiliate=zzzzz&vendor=MAKEHIMW","https://digitalromanceaffiliates.com/mhwy/","DRIAffiliates@gmail.com","","","Another Chris Haddad Conversion Monster. Over $3M spent on testing to optimize conversions. Converting 500 - 800 sales per day on cold traffic. 90% commission avail for super affiliates."
224,247,"SECRETBF","*NEW* Secret Billionaire Frequency - Top Wealth Offer In 2026","Spirituality, New Age & Alternative Beliefs / General",6.8,"0.57%","$0.27",47.23,47.23,,"https://hop.clickbank.net/?affiliate=zzzzz&vendor=SECRETBF","https://www.goldenpublishinghq.com/gp-sbf-affiliate-home","jv@goldenpublishinghq.com","https://t.me/ericjyc","","From a Clickbank Platinum vendor, this proven wealth manifestation offer is going to print money for you. With great conversions, high AOV, and EPC of up to $2.23+, this offer is converting right out of the gate. Be one of the first in—and ride the wave."
225,125,"VIRIFLOW","ViriFlow – Huge EPC With Our BPH Power Offer","Health & Fitness / Men's Health",6.7,"0.38%","$0.85",215.4,215.4,,"https://hop.clickbank.net/?affiliate=zzzzz&vendor=VIRIFLOW","https://viriflow.com/help/affiliates.php","affiliates@viriflow-product.com","https://t.me/mariadobre","Approval Required","Doctor-Endorsed & Battle-Tested. Converts cold traffic like a beast, with affiliates pulling $4–$6 EPC across Facebook, Email, Native & YouTube. Limited spots available. Get whitelisted now before caps hit."
226,154,"SOULMATOR","Soulmate Origin Reading","Spirituality, New Age & Alternative Beliefs / Psychics",6.7,"1.32%","$0.30",25.59,25.59,,"https://hop.clickbank.net/?affiliate=zzzzz&vendor=SOULMATOR","https://soulmateorigin.com/affiliates","aff@soulmateorigin.com","","","-"
227,169,"KERAFIRM","KeraFirm Pro – $3+ EPC Nail Solution","Health & Fitness / Dietary Supplements",6.7,"1.25%","$2.39",191.25,191.25,,"https://hop.clickbank.net/?affiliate=zzzzz&vendor=KERAFIRM","https://kerafirmpro.com/help/affiliates.php","affiliates@kerafirmpro-product.com","","Approval Required","KeraFirm Pro is backed by an internationally recognized chief podiatrist and surgeon with a strong reputation and following. Early testing shows it's already a strong performer for affiliates in the massive foot health market."
228,194,"IGNITRA","Ignitra","Health & Fitness / Dietary Supplements",6.6,"0.11%","$0.19",177.06,177.06,0,"https://hop.clickbank.net/?affiliate=zzzzz&vendor=IGNITRA","https://getignitra.com/affiliates","jessie@thedirectmediaagency.com","https://t.me/jessieoslie90","Direct Tracking Available, CPA Available","Monster WL offer NEW 2025! Kills it on all lists. $180+ CPA and direct tracking available! Split tested and optimized to scale on FB/Native/Email/YT traffic. $5+ EPC's! Get resources and links here: https://getignitra.com/affiliates"
229,198,"HOMEPSH","Home Power Shield - THE AFFILIATE GOLDMINE OF 2025","Green Products / Alternative Energy",6.6,"2.35%","$1.05",43.61,43.61,,"https://hop.clickbank.net/?affiliate=zzzzz&vendor=HOMEPSH","https://epcworkshop.com/cb/new/home.html","epcworkshop20@gmail.com","","Direct Tracking Available","Hot New Green Energy Offer with EPCs Already Through The Roof. Crazy Conversions & Commission Bumps Available! Cutting-Edge VSL And ULTRA Optimized Upsell Funnel. This bad boy thrives on Facebook, Youtube, TikTok & Native and more. Get your links now !!!"
230,248,"REVIVE","Revive Daily - New!","Health & Fitness / Dietary Supplements",6.6,"0.30%","$0.27",115.41,115.41,0,"https://hop.clickbank.net/?affiliate=zzzzz&vendor=REVIVE","https://revive-daily.net/affiliates","jackie@jvwithae.com","","","The newest beast from the creators of Venus, Resurge, Java and Tea Burns. Go here for links: https://revive-daily.com/affiliates"
231,196,"THELLD","Lottery Defeated - $4 EPC On Our Unique Lotto Software","Self-Help / Personal Finance",6.5,"0.24%","$0.32",129.9,129.9,,"https://hop.clickbank.net/?affiliate=zzzzz&vendor=THELLD","https://lotterydefeated.com/help/affiliates.php","partners@revenueriver.net","","Approval Required","Powerful Pitch, Multiple Intros Available. Top Affs Are Scoring Up To $4 EPC Promoting Lottery Defeated!"
232,203,"DENTITOX","Dentitox - Unique Dental Drops Offer","Health & Fitness / Dental Health",6.5,"0.11%","$0.09",115.27,115.27,,"https://hop.clickbank.net/?affiliate=zzzzz&vendor=DENTITOX","https://dentitox.com/help/affiliates.php","affs@dentitox-product.com","","Approval Required, Direct Tracking Available","New angle and custom drops mechanism opens up the market. EPCs are through the roof (up to $4 EPC). This offer could make your best month ever! Affs are doing 5 fig/profits a day on FB/Native/Email. Don't miss out. Limited affs only."
233,236,"LUNGEXPAND","LungExpand Pro - $4 EPC On Our Unique Lung Clearing Solution","Health & Fitness / Dietary Supplements",6.4,"0.14%","$0.16",123.83,123.83,,"https://hop.clickbank.net/?affiliate=zzzzz&vendor=LUNGEXPAND","https://lungexpandpro.com/help/affiliates.php","affiliates@lungexpandpro-product.com","","Approval Required","Powerful Pitch, Multiple Intros Available, 100% Backed By Science. Top Affs Are Scoring Up To $4 EPC. Limited Slots Only."
234,222,"SOULDESTIN","NEW 2026 - Soul Destiny Reading","Spirituality, New Age & Alternative Beliefs / Astrology",6.3,"0.44%","$0.20",38.15,38.15,,"https://hop.clickbank.net/?affiliate=zzzzz&vendor=SOULDESTIN","https://docs.google.com/document/d/1IGxGH-281fRsYlcvMEuGuKom_5LpXTsJ6a13eMCxsRA/edit?tab=t.0","support@souldestinyreading.com","","","A personalized astrology experience that reveals the hidden purpose and divine path. This unique offer taps into a massive evergreen niche: Combining emotional storytelling with high perceived value and powerful curiosity-based hooks."
235,241,"JAVABRAIN","Java Brain - The 1000lb Gorilla in Neuro","Health & Fitness / Dietary Supplements",6.3,"0.22%","$0.21",130.05,130.05,,"https://hop.clickbank.net/?affiliate=zzzzz&vendor=JAVABRAIN","https://www.java-brain.com/affiliates","jackie@jvwithae.com","","","From the creators of Java Burn comes the newest rocket. Lifting off the same way. Due to high demand, limited promotional slots available. Get in NOW before we reach our cap. https://java-brain.com/affiliates"
236,175,"SVELTE12","Wake Up lean","Health & Fitness / Exercise & Fitness",6.2,"1.89%","$0.46",26.91,26.91,,"https://hop.clickbank.net/?affiliate=zzzzz&vendor=SVELTE12","","","","","Get on board with this high converting inflammation offer! Don't miss out on HUGE commissions! ... Visit wakeup-lean.com/affiliates for more info on how to make $$$$"
237,227,"ASTROMAN99","(NEW) Astro Manifestation - Hot NEW Offer that sells like hotcakes","Spirituality, New Age & Alternative Beliefs / Astrology",5.9,"0.27%","$0.06",26.51,24.88,1.63,"https://hop.clickbank.net/?affiliate=zzzzz&vendor=ASTROMAN99","https://astromanifestation.com/affiliate","affiliate@astromanifestation.com","","","Brand NEW Personalized Astrology Manifestation Funnel that Converts Like CRAZY! Frontend Converts At More Than 2.0%. Test it to believe it. Send Some Test Traffic and watch your commission skyrocket!"
238,238,"FBTONIC","Okinawa Flat Belly Tonic","Health & Fitness / Diets & Weight Loss",5.8,"0.20%","$0.35",148.79,148.79,0,"https://hop.clickbank.net/?affiliate=zzzzz&vendor=FBTONIC","https://flatbellytonic.com/affiliates/","aff@flatbellytonic.com","","","Awesome new tonic supplement for weight loss. Storming conversion rates from any kind of weight loss or other health demos. Run it and vacuum up sales from your lists. Over $5 EPC recorded on one famous fat loss list. Top commissions for volume traffic."
239,233,"MANIFESTDY","Wealth Manifest - #1 NEW Manifestation Offer","Spirituality, New Age & Alternative Beliefs / General",5.5,"1.08%","$0.10",9.18,9.18,,"https://hop.clickbank.net/?affiliate=zzzzz&vendor=MANIFESTDY","https://wealthmanifestpro.com/jv","sebastian@wealthmanifestpro.com","","","100% Brand New Manifestation Offer - Hottest Niche - Converts To ALL Traffic - High EPC's - Low Refunds - Trending on Tik Tok & Instagram - 75% Affiliate Commissions Across All Products & Upsells"
240,188,"NANODEFPRO","NanoDefense Pro Huge Earnings On Unique NanoIngredients Fungus Formula","Health & Fitness / Dietary Supplements",5.4,"0.17%","$0.34",162.73,162.73,,"https://hop.clickbank.net/?affiliate=zzzzz&vendor=NANODEFPRO","https://nanodefensepro.com/help/affiliates.php","affiliates@nanodefensepro-product.com","","Approval Required, Direct Tracking Available","Space Station Nail Fungus Removing Breakthrough, Powerful Pitch, Multiple Intros Available, 100% Backed By Science. Top Affs Are Scoring Huge Earnings. Limited Slots Only."
241,239,"GLUCOTONIC","GlucoTonic - Blood Sugar Support, Type 2","Health & Fitness / Dietary Supplements",5.4,"0.00%","$0.00",149.59,149.59,,"https://hop.clickbank.net/?affiliate=zzzzz&vendor=GLUCOTONIC","https://glucotonic.com//info/affiliates.html","aff@glucotonic.com","https://t.me/adrflorea","","Killer $4+ EPC with new Gluco Tonic angle that affiliates are raving about! This hook opener generates buzz. HIGH CPAs Available. Promote it now before the competition"
242,204,"WHISPEARA","Whispeara - Brain, Hearing Support, Tinnitus","Health & Fitness / Dietary Supplements",5.2,"0.19%","$0.26",132.84,132.84,,"https://hop.clickbank.net/?affiliate=zzzzz&vendor=WHISPEARA","https://whispeara.com/info/affiliates.html","aff@whispeara.com","https://t.me/adrflorea","","NEW for 2026 : Category Killer - Highest Payouts. Apply now aff@whispeara.com"
243,246,"SYNEVRA","Synevra UltraLift - New Snake Venom Skin Serum Offer","Health & Fitness / Beauty",5.1,"0.07%","$0.14",133.54,133.54,,"https://hop.clickbank.net/?affiliate=zzzzz&vendor=SYNEVRA","https://getsynevra.com/affiliates/","affiliates@mediapulseltd.com","","Direct Tracking Available, CPA Available","Hit every major pain point women 40+ are desperate to solve - deep wrinkles, sagging jawlines, age spots, and shattered confidence. Unique Swiss temple viper peptide angle. Multiple VSLs crushing it, insane CVRs. Get in early on this skincare goldmine!"
244,219,"REALSINN","5- Minute Chemistry & Arousal Triggers - High Conversions","Self-Help / Eating Disorders",5,"0.96%","$0.73",62.24,58.21,4.04,"https://hop.clickbank.net/?affiliate=zzzzz&vendor=REALSINN","https://jonsinncoaching.com/jv/","tone024@gmail.com","","","Platinum Award Winner (over 10 million in dating advice sales past 3 years) releases hot NEW men's offer. An explosive new offer, with strong hook and VSL, paying 75% commission on front end, all bumps, and upsells"
245,156,"MIKEHAINES","The Girlfriend Button - Dating Offer For Men - 100% commissions","Self-Help / Dating Guides",4.9,"3.05%","$0.13",57.64,57.64,,"https://hop.clickbank.net/?affiliate=zzzzz&vendor=MIKEHAINES","https://thegirlfriendbutton.com/affiliates","mike@insurgentmedia.tv","","","Killer new VSL shows guys how to get laid with hot girls from dating apps, using copy & paste 'mind control' texts. Grab our high converting email swipe from our tools page. Email me to get whitelisted for 100% commissions! mike@insurgentmedia.tv"
246,235,"AQBURN","Aquaburn - Breakthrough Weight Loss Offer","Health & Fitness / Dietary Supplements",4.9,"0.18%","$0.23",136.62,136.62,,"https://hop.clickbank.net/?affiliate=zzzzz&vendor=AQBURN","https://aquaburn.org/affiliates","aff@aquaburn.org","","Direct Tracking Available","Get Paid $$$ with the latest weight loss destroyer offer. Get started right away before everyone jumps on!"
247,197,"MEMORYFUEL","MemoryFuel – Meta Compliant 2026 Brain Supplement with Creatine!","Health & Fitness / Dietary Supplements",4.8,"0.13%","$0.22",150.07,150.07,,"https://hop.clickbank.net/?affiliate=zzzzz&vendor=MEMORYFUEL","https://thememoryfuel.com/affiliates/","affiliates@thememoryfuel.com","https://t.me/wennschondennschon","","The latest trending Creatine for Brain formulation — high-converting brain formula for memory on demand. Proven funnel, $300+ AOV, rabid 55+ buyers. Email & native crews past $3 EPC."
248,224,"FRONTBOOK","Lost Frontier Handbook","Self-Help / Survival",4.8,"3.10%","$1.16",38.27,38.27,,"https://hop.clickbank.net/?affiliate=zzzzz&vendor=FRONTBOOK","https://www.lostfrontierhandbook.com/affiliates/","","","","NEW! - The Lost Frontier Handbook Compliant! 75% initial commissions (for physical books sales). Performs well in most niches: health, survival, remedies, etc. SKY HIGH conversion rate on email lists. You need to test this!"
249,250,"SYNAPTIGEN","Synaptigen - $4 EPC On Our Unique Brain Probiotics Formula","Health & Fitness / Dietary Supplements",4.5,"0.12%","$0.20",173.59,173.59,,"https://hop.clickbank.net/?affiliate=zzzzz&vendor=SYNAPTIGEN","https://getsynaptigen.com/help/affiliates.php","affiliates@synaptigen-product.com","","Approval Required","Powerful Pitch, Multiple Intros Available, 100% Backed By Science. Top Affs Are Scoring Up To $4 EPC. Limited Slots Only."
250,232,"STEELBITE","Steel Bite Pro","Health & Fitness / Dental Health",4.1,"0.51%","$0.91",110.77,110.77,,"https://hop.clickbank.net/?affiliate=zzzzz&vendor=STEELBITE","https://steelbitepro.com/help/affiliates.php","affiliates@steelbitepro.com","","Approval Required, Direct Tracking Available","Steel Bite Pro - The Holy Grail Of FB Aff, Crazy EPC, Max Cart Value $881!! This Just Took The Markeplace By Storm, Aff Getting $5.37 EPC, Works On Any Traffic, Killer Copy Made By Gurus, Will Make You Rich Almost-Guaranteed This Month. Let's go!!"
251,1094,"GHOSTZERO","ZeroGhost™ Ghost Phone - Privacy Smartphone, $850 AOV, Insane EPC","Self-Help / Survival",0,"0.00%","$0.00",,,,"https://e-9564.adzerk.net/r?e=eyJ2IjoiMS4xNCIsImF2Ijo1OTQzNCwiYXQiOjQyOTYsImJ0IjowLCJjbSI6NjU5NDk3MzA2LCJjaCI6MTY4MTcsImNrIjp7fSwiY3IiOjkzNjcwOTI0NCwiZGkiOiI1YTZjOWU5NjY0NmM0NjVhOGZkYmMyNzI2MjM3ZTBlYyIsImRqIjowLCJpaSI6IjM0NTY0YmY0ZGI3YTRkZTFhODU4YjVhNTcyOTM5MThmIiwiZG0iOjMsImZjIjoxMTEyOTMyMzE5LCJmbCI6ODYzODk4NTU2LCJpcCI6IjU4LjE4Mi4xOTcuOTYiLCJudyI6OTU2NCwicGMiOjAsIm9wIjowLCJtcCI6MCwiZWMiOjAsImdtIjowLCJlcCI6bnVsbCwicHIiOjU2OTQ4LCJydCI6MSwicnMiOjUwMCwic2EiOiI5NiIsInNiIjoiaS0wNThhMDIyMTFmNzYwYmYxMyIsInNwIjozOTgzMDgwLCJzdCI6MTE3ODg0NCwidWsiOiJ1ZTEtOTNiNWFjNTU0YjM2NDM3ZmI5NTRhOTE3NTk0MTk1MzUiLCJ6biI6MjU1MDAwLCJ0cyI6MTc4OTExMzI3Mjc1NCwicG4iOiJzcG9uc29yZWRMaXN0aW5nIiwiZ2MiOnRydWUsImdDIjp0cnVlLCJncyI6Im5vbmUiLCJ0eiI6IkFtZXJpY2EvRGVudmVyIiwidXUiOiJodHRwczovL2FjY291bnRzLmNsaWNrYmFuay5jb20vIiwidXIiOiJodHRwczovL2hvcC5jbGlja2JhbmsubmV0Lz9hZmZpbGlhdGU9enp6enomdmVuZG9yPWdob3N0emVybyJ9&s=Tndqp2QQQts4iM4HMuUQKhf3WRE","http://zeroghostcbaffiliates.com/","partners@zeroghost.com","https://t.me/hollymcdonald","Approval Required","The ZeroGhost™ Ghost Phone is a real de-googled smartphone. No Google. No ad tracking. No location logging. 15% commission, $120-$200 avg per sale. Built for Prepper/Tactical, conservative audiences 50+, 60% male/40% female. USA Only Shipping Low refunds."